Code,Folder,Theme,Date,Time,Author,Message
41,Жидкости-Автохимия,'ЛКП авто (полироли, уход и др.средства)',02.03.2012, 16:25,Zetron,'авто химия для Гранты'
41,Жидкости-Автохимия,'ЛКП авто (полироли, уход и др.средства)',02.03.2012, 16:59,Diman,'я уже две машины сменил, обе мою шампунем автолайн, продаётся в любом холидее летом покупаю, на лето 2-3 бутылочки за глаза. содержит воск- вода скатывается после мойки неск дней. а стекло полирую слегка 3М полиролью доводочной-"блеск"! на трассе езжу без дворников)'
41,Жидкости-Автохимия,'ЛКП авто (полироли, уход и др.средства)',02.03.2012, 17:02,Zetron,'а то я свою гранду помыл и заметил на солнце царапины мелкие ,и как мыть что-бе их небыло , а то весна мыть и только мыть эту машину .'
41,Жидкости-Автохимия,'ЛКП авто (полироли, уход и др.средства)',02.03.2012, 17:31,Diman,'шампунь и много воды! и никаких царапин не будет! и снпчала обдать пару троцку ведер чтоб размокла, и мыть только в тени!'
41,Жидкости-Автохимия,'ЛКП авто (полироли, уход и др.средства)',02.03.2012, 17:53,Zetron,'а как царапины замаскировать .'
41,Жидкости-Автохимия,'ЛКП авто (полироли, уход и др.средства)',02.03.2012, 18:49,Diman,'от царапин только полировка! либо на мойке жидким воском обливают, на 3-4 мойки хватает.'
41,Жидкости-Автохимия,'ЛКП авто (полироли, уход и др.средства)',02.03.2012, 19:21,Zetron,'Спасибо ! большое .'
41,Жидкости-Автохимия,'ЛКП авто (полироли, уход и др.средства)',02.03.2012, 21:07,Tvin,'Я мою безконтактной мойкой бош акватек сто и пенообразователь от керхера ну и спец жижка. Ну в общем все как на автомойке, только дома .'
41,Жидкости-Автохимия,'ЛКП авто (полироли, уход и др.средства)',02.03.2012, 21:51,feudor,'Ни в коем случае не мыть машину губками, тогда и царапин не будет.'
41,Жидкости-Автохимия,'ЛКП авто (полироли, уход и др.средства)',03.03.2012, 07:30,Zetron,'да мыл замшевой тряпкой'
41,Жидкости-Автохимия,'ЛКП авто (полироли, уход и др.средства)',03.03.2012, 11:52,feudor,'Мелкие песчинки все равно остаются хоть в замшевой тряпке, хоть в губке. Вот они и царапают ЛКП'
41,Жидкости-Автохимия,'ЛКП авто (полироли, уход и др.средства)',03.03.2012, 12:02,Slavent154,'А чем предлагаете мыть? Только бесконтактная мойка?После неё протирать всё равно нужно.'
41,Жидкости-Автохимия,'ЛКП авто (полироли, уход и др.средства)',03.03.2012, 12:10,Zetron,'я тоже умного нечего сказать не могу .'
41,Жидкости-Автохимия,'ЛКП авто (полироли, уход и др.средства)',03.03.2012, 13:22,Diman,'лить больше воды и чаше полоскать губку! вот и весь секрет! от внешних условий всё равно через неск лет покроется царапками. Можете жидкое стекло нанести! если бабла не жалко. )'
41,Жидкости-Автохимия,'ЛКП авто (полироли, уход и др.средства)',03.03.2012, 15:59,feudor,'Я мою щеткой с мягкой щетиной. Можно попробовать большую мягкую малярную кисть, у меня ею сосед по гаражу моет. Протирать после мыться тряпкой и мыть ею не одно и тоже.'
41,Жидкости-Автохимия,'ЛКП авто (полироли, уход и др.средства)',03.03.2012, 21:09,Сидор,'Чем её не мой, мелкие царапины всё же будут. Я у себя посмотрел на бампер, а там уже и сколы от камней имеются. А так воды надо не жалеть и шампунь использовать, а так же меньше всматриваться в ЛКП....'
41,Жидкости-Автохимия,'ЛКП авто (полироли, уход и др.средства)',03.03.2012, 21:21,Slavent154,'А сколько пробег уже интересно?'
41,Жидкости-Автохимия,'ЛКП авто (полироли, уход и др.средства)',05.03.2012, 11:42,zyph.ru,'Да сколько бы не бы. Прилетит - будет скол, достаточно и 40-50 км/ч.'
41,Жидкости-Автохимия,'ЛКП авто (полироли, уход и др.средства)',05.03.2012, 17:36,Tema27,'Я тут изложил как мою гранту. http://www.drive2.ru/cars/lada/grant...52817100/#post На фото виден результат.'
41,Жидкости-Автохимия,'ЛКП авто (полироли, уход и др.средства)',05.03.2012, 22:54,pon4uk,'Когда тепло мою на даче керхером 5.20 + автошампунь-концентрат Сапфир "Блеск и сияние". Очень бюджетно получаетчся (шампунь 120 руб за 500 мл - на 15-20 моек хватает). Результат отличный)))'
41,Жидкости-Автохимия,'ЛКП авто (полироли, уход и др.средства)',06.03.2012, 10:11,zyph.ru,'Езжу на мойку. Там моют кэрхером под давлением + пена + смыв + протирка салфетками. Где-то 1 раз из 3-4 обычно мою с обезжириванием и воском. Блеск, конечно, после этой процедуры, отличный.'
41,Жидкости-Автохимия,'ЛКП авто (полироли, уход и др.средства)',06.03.2012, 10:58,Tvin,'Да, мыть машину на мойке дороговато выходит'
41,Жидкости-Автохимия,'ЛКП авто (полироли, уход и др.средства)',06.03.2012, 11:25,zyph.ru,'Угу. 250-300 обычная мойка. С воском и обезжириванием 500-600. Если еще и люкс (пылесос/стекла внутри) - 800-1000. За инмарку еще +100-300. Жып/микрик +500 в среднем. А что делать? Не в сраче же ездить? Я думал купить кэрхер и на даче у друзей или в гаражах мыть (100р сторожу сунул и поехал к халявной воде и халявному электричеству). Но пока до дачи доедешь или проедешь через гаражи - что мыл, что не мыл.'
41,Жидкости-Автохимия,'ЛКП авто (полироли, уход и др.средства)',06.03.2012, 11:58,Tvin,'Я мыл на мойке 220р с воском. Но это когда на своей мойке шланг лопнул. В этом плане за городом жить удобнее. За пять минут все разложил и мой сколько влезет'
41,Жидкости-Автохимия,'ЛКП авто (полироли, уход и др.средства)',06.03.2012, 20:08,Александр2012,'Взял шампунь с полиролью,хотелось бы,чтоб и дальше блестела.Мою сам.'
41,Жидкости-Автохимия,'ЛКП авто (полироли, уход и др.средства)',07.03.2012, 21:34,Zetron,'блин хотел помыть машину все автомойки занятые и завтра праздник итд .Хоть на минус 20 мыть на улице .'
41,Жидкости-Автохимия,'ЛКП авто (полироли, уход и др.средства)',07.03.2012, 22:05,Олег 69,'В Твери с воском 250р'
41,Жидкости-Автохимия,'ЛКП авто (полироли, уход и др.средства)',13.03.2012, 20:35,Zetron,'что-то она у меня много пыли ципляет за 4 дня уже вся запыленная в принципе сильно не езжу ,как с этим бороться не кто не подскажет .'
41,Жидкости-Автохимия,'ЛКП авто (полироли, уход и др.средства)',13.03.2012, 21:25,zyph.ru,'Никак. Погоды такие стоят сейчас, что помыл - а через час как не мыл. Не знаю, как у вас, а у нас уже вторую неделю около нуля, днем до +5 бывает. И снега много по ночам падает. Жижа, грязюка...'
41,Жидкости-Автохимия,'ЛКП авто (полироли, уход и др.средства)',13.03.2012, 21:52,Zetron,'что-то есть в покрыти машины, очень сильно любит мелкую пыль оседать у меня темный-синий по сравнению что до этого были машины ( впечатление типа эбанитовой палочки из физики начальных класов ) .Хоть цепь заземлением тени как в некторых бензовозах .'
41,Жидкости-Автохимия,'ЛКП авто (полироли, уход и др.средства)',14.03.2012, 09:25,Александр2012,'Это беда браток всех,кто хотел более солидную по цвету(из ВАЗов).У меня тоже серо-синяя,жена настояла,ну теперь пусть и моет(а через пару часов на ней снова пыль)...А лето не за горами...'
41,Жидкости-Автохимия,'ЛКП авто (полироли, уход и др.средства)',14.03.2012, 09:30,zyph.ru,'А мне вот что-то белая гранта очень понравилась на вид. Интересно, к ней тоже пылища липнет? Про грязь и так понятно - вся грязная будет в любом случае.'
41,Жидкости-Автохимия,'ЛКП авто (полироли, уход и др.средства)',14.03.2012, 10:07,pon4uk,'Липнет, но почти незаметна))) После технологической мойки, которую делал перед ТО (без шампуней и протирок и сушек) разводы тоже почти незаметны, метров с 3-4 вообще кажется, что идеально помыли))).'
41,Жидкости-Автохимия,'ЛКП авто (полироли, уход и др.средства)',15.03.2012, 19:26,Zetron,'Спасибо ! Всем за советы .'
41,Жидкости-Автохимия,'ЛКП авто (полироли, уход и др.средства)',16.03.2012, 10:45,жордан,'Я мою просто чистой водичкой и чистой мягкой тряпочкой'
41,Жидкости-Автохимия,'ЛКП авто (полироли, уход и др.средства)',23.03.2012, 12:12,Максим80,'У меня белая гранта цвет называется белое облако потом оно стоновится в серое облако, а еще по позже становится в грозовую тучу (если не мыть часто ))). хороший цвет). Я мою машинку шампунем и марлей, все мелкие частички марля забирает т.к. она сетчатая. но это не идеально. сами понимаете. После мойки часто натираю полировочным молочком "Черепашка" зеленая бутылочка. На белом классно смотрится полировка молочком, на солнце блестит и не видно мелких царапин.'
41,Жидкости-Автохимия,'ЛКП авто (полироли, уход и др.средства)',23.03.2012, 12:17,Slavent154,'Это что за зверь такой? У него цвет только белый или оно бесцветное?'
41,Жидкости-Автохимия,'ЛКП авто (полироли, уход и др.средства)',23.03.2012, 12:41,Максим80,'Вот я уже 2 недели не мыл и получилось, что по мере загрезнения и цвет меняется. с белую в грязную (серую) и очень грязную (черно-коричневую-серую), по мере загрязнения Добавлено через 17 минут Молочко продоется к определенному цвету, Я его назвал так из-за того что не помню название, на картинке черепашка нарисована, уже непомню. давно покупал и на этикетку не обращаю внимание. Тоже мне посоветовали одни знакомые которые занимаются покрасками автомобилей. Очень хорошее средство от сажи на ЛПК. Сажа всегда остается на машине особенно в зимнее время (копоть, выхлопы других машин, да и дороги покрывают у нас всякой химией - цвет тускнеет)'
41,Жидкости-Автохимия,'ЛКП авто (полироли, уход и др.средства)',23.03.2012, 13:27,bimulyk,'С черепашкой - Turtle Wax может?'
41,Жидкости-Автохимия,'ЛКП авто (полироли, уход и др.средства)',23.03.2012, 13:40,feudor,'Точно так, я покупал голубоватого цвета. Но полировать зимой можно только в теплом гараже. Добавлено через 1 минуту Марля в этом отношении только чуть лучше тряпки.'
41,Жидкости-Автохимия,'ЛКП авто (полироли, уход и др.средства)',23.03.2012, 13:57,Максим80,'Да точно. Мне нравится и не надо машинкой полировать. Добавлено через 54 секунды Я согласен, но пока нормально заменителя нет. А бесконтактная мойка не всегда доступна'
41,Жидкости-Автохимия,'ЛКП авто (полироли, уход и др.средства)',29.03.2012, 19:36,feudor,'Купите щетку для мытья автомобилей. Они есть в продаже.'
41,Жидкости-Автохимия,'ЛКП авто (полироли, уход и др.средства)',29.03.2012, 22:05,85metalist,'Купил такую за 135р....Мне понравилась. И руки сухие ещё.'
41,Жидкости-Автохимия,'ЛКП авто (полироли, уход и др.средства)',30.03.2012, 18:17,GurzaTLT,'а как вы моете этой щёткой? в смысле шампунь когда и чем наносите?'
41,Жидкости-Автохимия,'ЛКП авто (полироли, уход и др.средства)',30.03.2012, 18:44,feudor,'А в ведро добавляю.'
41,Жидкости-Автохимия,'ЛКП авто (полироли, уход и др.средства)',08.04.2012, 17:39,Zetron,'а вот двигатель как мыть (чем и как техника мытья ) ,а то грязи и пыли накидала и с коробки масло выдавливала итд ...Может супер щетка есть итд ...'
41,Жидкости-Автохимия,'ЛКП авто (полироли, уход и др.средства)',08.04.2012, 18:46,Грамотей,'Можно помыть на мойке (как правило,все автомойки предоставляют такую услугу).Также существует масса спецсредств в виде аэрозольных баллончиков(пенный очиститель двигателя).А можно по старинке-кисть с длинной ручкой,керосин и ручками...... P:S Собственно говоря, не понимаю зачем его мыть,тем более на новой машине?? IMHO'
41,Жидкости-Автохимия,'ЛКП авто (полироли, уход и др.средства)',08.04.2012, 20:14,Zetron,'P:S Собственно говоря, не понимаю зачем его мыть,тем более на новой машине?? IMHO[/QUOTE] что-бе тепло отвод был полутше ,а то грязь типа обвертки сообразной итд ... Добавлено через 26 минут а кто уплотнители цепляет http://www.lada-granta.net/showthread.php?t=3859, тоже не плохой вариант .'
41,Жидкости-Автохимия,'ЛКП авто (полироли, уход и др.средства)',16.04.2012, 00:56,kotyara17,'Что испробовано - шампунь доктор вакс - после него очень класно капельки стекают Шампунь ББС - отрицательного ничего не замечено Мыл прошлое авто(опель бушный) шваброй специальной.. Гранту конечно ею мыть не буду. КОнечно очень быстро моется машина, но нет.. помоему это кощунство.. Опель предпродажный лоск быстро утратил('
41,Жидкости-Автохимия,'ЛКП авто (полироли, уход и др.средства)',30.04.2012, 13:18,Zetron,'a не подскажите чем убирать салон и багажник ,кто пылисосит и щеткими трет , а то за зиму скопилось всякой не чести в салоне задумал генеральную уборку затеять .'
41,Жидкости-Автохимия,'ЛКП авто (полироли, уход и др.средства)',30.04.2012, 19:19,Diman,'насадочка-щётка на совковый пылесос, и полироль в жёлтом разбрызгивателе, непомню название. и салон как новый, пятна с сидений и обивки потолка удаляются Тафф-Стаффом.'
41,Жидкости-Автохимия,'ЛКП авто (полироли, уход и др.средства)',30.04.2012, 22:30,feudor,'Пыль, песок убираю пылесосом. Пятна на чехлах, дверных вставках и половом ковре убираю специальным очистителем (в продаже из много разных). Цвет ковпиков после мойки восстанавливаю специальным средством для восстановления цвета резины (их тоже много в продаже) Вот для примера:'
41,Жидкости-Автохимия,'ЛКП авто (полироли, уход и др.средства)',01.05.2012, 02:03,Zetron,'Спасибо! За совет ! Приму на вооружение и по практикуюсь .'
41,Жидкости-Автохимия,'ЛКП авто (полироли, уход и др.средства)',02.05.2012, 22:25,Zetron,'Сегодня вечером открыл капот и уведел ржавчину на двигателе (где свечи ребро идет ) ,дернуло движок помыть и не просушить не подскажите как ржавчину удалить вежливо .'
41,Жидкости-Автохимия,'ЛКП авто (полироли, уход и др.средства)',02.05.2012, 22:37,feudor,'Есть преобразователи ржавчины. Вот первый попавшийся'
41,Жидкости-Автохимия,'ЛКП авто (полироли, уход и др.средства)',02.05.2012, 23:15,Сидор,'я в своей машине салон чистил при помощи станционарного пылесоса, который около автозаправки стоит. "сеанс" 25 руб стоит, но пылесосит хорошо!'
41,Жидкости-Автохимия,'ЛКП авто (полироли, уход и др.средства)',03.05.2012, 08:16,Zetron,'Спасибо! Попробую его .'
41,Жидкости-Автохимия,'ЛКП авто (полироли, уход и др.средства)',03.05.2012, 08:55,R59Andrey,'Подскажите чем мыть пластмассовые бампера на стандарте?'
41,Жидкости-Автохимия,'ЛКП авто (полироли, уход и др.средства)',03.05.2012, 09:13,astabanec,'Всем привет! Столкнулся с проблемой. Не могу отмыть следы скотча на дверях и капоте. Следы остали от скоча прилепленного при транспортирвке и не удаленного при предпродажной подготовке. Менеджер сказал что можно удалить обычной КОЛОЙ, но ни фига, сколько ни тер результат нулевой. Пробовал размачивать водой, держал мокрую тряпку минут 20, а потом опять тер, безреультатно. Кто-нибудь посоветуйте, чем можно удалить эти пятна. Чем-то тереть боюсь, могу ЛКП повредить.'
41,Жидкости-Автохимия,'ЛКП авто (полироли, уход и др.средства)',03.05.2012, 14:57,Diman,'ООО! ты по адресу! Я перепробовал всё! 1) самое нормальное это "растворитель 650" попробуй уголок двери изнутри им тирануть не должен разьедать. Я им клей от наклеек бумажных оттирал на прошлой тачке. 2) сольвент, не разъедает 100% ничего! но тереть надо подольше, и обильно смачивать! и возможно останутся затиры- тут всё зависит от тряпки. Им я сводил пломбы на своей гранте. Но потом пришлось полировать, насадка на дрель и 5 минут работы и полироль самая мелкозернистая. 3) Уайт спирит, самый долгий и муторный способ, ничего не разъест. но место лучше погреть феном для волос, затиры так-же возможны если долго не ототрётся. Все способы проверял лично на себе)'
41,Жидкости-Автохимия,'ЛКП авто (полироли, уход и др.средства)',18.05.2012, 14:13,NordOwl,'Сколько ценной информации! Надо воспользоваться'
41,Жидкости-Автохимия,'ЛКП авто (полироли, уход и др.средства)',24.05.2012, 17:20,Slavent154,'Сегодня ехал по трассе,проезжал участок,где шёл ремонт,укрепляли асфальтовое покрытие гравием,стоял знак ограничения скорости 30км.ч. Все нормальные люди так и ехали,но,как всегда,нашёлся идиот,которому всё по барабану и пролетел на бешеной скорости,из под колёс вылетел гравий и попал мне в переднее крыло,перднюю и заднюю двери и заднее крыло,появились сколы до грунтовки(обидно блин..),может быть,кто-нибудь знает как это можно залечить с наименьшими потерями?'
41,Жидкости-Автохимия,'ЛКП авто (полироли, уход и др.средства)',24.05.2012, 17:30,Diman,'Есть в магазах где продают авто краски и т.п, лак в цвет кузова, кисточкой мазнул и ништяк)'
41,Жидкости-Автохимия,'ЛКП авто (полироли, уход и др.средства)',24.05.2012, 17:53,Slavent154,'Я так понял,что можно подобрать лак именно по цвету без краски?'
41,Жидкости-Автохимия,'ЛКП авто (полироли, уход и др.средства)',24.05.2012, 17:59,H.A.J.,'нет, отдельно краска и отдельно лак -- в балончиках ... если сколы малюсенькие. то можно попробовать антисколом - нуу чтоб незаметно ... а большие - лучше краска + лак ... антискол, тож можно лаком мазнуть ... все зависит от размера повреждения и цвета авто, а больше всего - на сколько сам хозяин хочет сделать не заметнее ... ...'
41,Жидкости-Автохимия,'ЛКП авто (полироли, уход и др.средства)',24.05.2012, 19:22,Slavent154,'H.A.J.,сколы небольшие,но лично мне заметны,а что за антискол,не слышал про такое чудо.Он скрывает сколы или припятствует их появлению?'
41,Жидкости-Автохимия,'ЛКП авто (полироли, уход и др.средства)',24.05.2012, 19:33,H.A.J.,'в автомагазинах продают - у нас в "Ашане" есть, такой тюбик, как от штриха - там краска - на крышке кисточка --- вообщем как женский лак для ногтей, только там автокраска ... подбираете цвет - примерно - там не много разновидностей - и просто закрашиваете - если повреждения лкп маленькие и до грунтовки - достаточно ... есть карандаши - так же замазывать -- там что то на вроде воска крашеного - нуу мазал на своей - старой, - так себе ...'
41,Жидкости-Автохимия,'ЛКП авто (полироли, уход и др.средства)',24.05.2012, 19:41,VIRUS,'Вот классная защита,себе хочу замутить,вот где дешевле'
41,Жидкости-Автохимия,'ЛКП авто (полироли, уход и др.средства)',24.05.2012, 20:35,Diman,'от 5300?? вот жесть бампер дунуть будет рубля 4 стоить с подбором) А я про эти технологии слыхал, но больно дорого( фары и туманки есть смысл. я вон пищевой плёнкой в 10 слоёв закатаю лучше бампер)'
41,Жидкости-Автохимия,'ЛКП авто (полироли, уход и др.средства)',24.05.2012, 22:06,H.A.J.,'через пару лет, бампер новый крашеный в цвет с заменой - будет дешевле ))) ... фары думаю закатать ... остальное, пусть как будет, - это просто машина и ни чего более, тем более бюджетная ... для потомков её не сохранить, да и не стоит сохранять, чай не майбах ))) ...'
41,Жидкости-Автохимия,'ЛКП авто (полироли, уход и др.средства)',25.05.2012, 16:28,Dima012,'В магазинах, занимающихся автоэмалями такие вещи продаются по коду цвета ВАЗа. Только не знаю, появились ли новые цвета типа гранта, ледяной и т.п.'
41,Жидкости-Автохимия,'ЛКП авто (полироли, уход и др.средства)',25.05.2012, 18:27,VIRUS,'Ну я думаю мне надо 1.5*0.30м клеить на капот в виде мухобойки пластиковой,думаю в 1500 уложусь,буду клеить тип того, что на фото,у нас продаются мухобойки на гранту по 400 руб,но чёрное на белом думаю, будет очень плохо'
41,Жидкости-Автохимия,'ЛКП авто (полироли, уход и др.средства)',03.06.2012, 19:54,Zetron,'Не подскажите какую лутче купить мойку для машины (фирма, стоимость ,расходные матерьялы )'
41,Жидкости-Автохимия,'ЛКП авто (полироли, уход и др.средства)',03.06.2012, 21:33,VIRUS,'Portotecnica,Kerher от 9000руб только брать со стальной помпой 120 бар будет достаточно,140 бар и струя снимает лак с пластиковых поверхностей как пескоструй)))'
41,Жидкости-Автохимия,'ЛКП авто (полироли, уход и др.средства)',03.06.2012, 21:55,61a,'и пеногенератор к нему, стоит 2000р.'
41,Жидкости-Автохимия,'ЛКП авто (полироли, уход и др.средства)',03.06.2012, 22:11,feudor,'У моек этого ценового уровня есть регулировка давления.'
41,Жидкости-Автохимия,'ЛКП авто (полироли, уход и др.средства)',12.06.2012, 09:55,Zetron,'Не подскажите как можно бороться с песком на стекле дверном , а то скапливается не мало этого песка . Добавлено через 1 минуту Спасибо !'
41,Жидкости-Автохимия,'ЛКП авто (полироли, уход и др.средства)',12.06.2012, 12:40,TLT-63,'нежелательно мыть активной пеной новые автомобили(как минимум 3 месяца), особенно отечественные, их краска еще непрочна, а в состав пены входят сильнодействующие активные добавки http://www.ladato.ru/articles/moyka'
41,Жидкости-Автохимия,'ЛКП авто (полироли, уход и др.средства)',12.06.2012, 14:52,61a,'TLT-63 А чем же моет дилер на предпродажной подгот. и на ТО ?'
41,Жидкости-Автохимия,'ЛКП авто (полироли, уход и др.средства)',12.06.2012, 15:44,AMFITON,'проходил вчера ТО1 - ничем не моет)'
41,Жидкости-Автохимия,'ЛКП авто (полироли, уход и др.средства)',12.06.2012, 18:00,Danokia,'Интересно а по истечении 3-х месяцев, краска у отечественных авто улучшается?'
41,Жидкости-Автохимия,'ЛКП авто (полироли, уход и др.средства)',13.06.2012, 17:47,Ю.ru,'В продаже имеются щампуни, специально для мойки нового автомобиля)))'
41,Жидкости-Автохимия,'ЛКП авто (полироли, уход и др.средства)',13.06.2012, 20:48,dimaann,'Доброго времени суток. Наткнулся на тему т.к. искал решения своей "проблемы". При мойке моей Гранты на ЛКП остаются царапины, НО это не та "паутинка" которая образуется на автомобилях со временем (и мойкой соответственно), это именно такие царапки в глубине которых видно что-то белое нанесенное на кузов (а у меня цвет - каберне), но никак не краску. Это чтож получается? Неужели краска на Гранте такая тонкая, что обычная мойка может образовать такие царапины, которые полностью стирают краску и лак? Пы.Сы. Первый раз помыл губкой. Второй и последующие - щеткой о которой писалось выше. Заранее спасибо.'
41,Жидкости-Автохимия,'ЛКП авто (полироли, уход и др.средства)',16.06.2012, 22:35,Danokia,'На темном цвете очень хорошо заметны все царапинки. Белые полоски остаются от повреждения лака, лечится полировкой. Сам мыл 3 раза машину цвет "Гранта" такая же фигня, после протирки замшевой тряпкой (чтоб не оставалось следов капель) остаются маленькие царапинки от поподания мелкого песка и земли, хорошо заметные на солнце. Теперь отказался я от мытья, буду ездить на бесконтактную мойку и машину не поврежу и времени съэкономлю и силы.'
41,Жидкости-Автохимия,'ЛКП авто (полироли, уход и др.средства)',16.06.2012, 23:59,trek,'Дык краски то импортные сколько лет уже идут. Пену кстати водой сразу смывают.'
41,Жидкости-Автохимия,'ЛКП авто (полироли, уход и др.средства)',26.06.2012, 19:42,Нияз123,'пускай дождик моет мою машину!!!!!))))) больше никогда не буду мыть губкой.... поцарапал машину блин...(('
41,Жидкости-Автохимия,'ЛКП авто (полироли, уход и др.средства)',26.06.2012, 23:53,Zetron,'а бампера передние чем лутче отмывать ,а то вечно там пятна от луж не отмываются (бампер не окрашенный)'
41,Жидкости-Автохимия,'ЛКП авто (полироли, уход и др.средства)',27.06.2012, 01:49,Vainbender,'Zetron, у меня знакомый на Ш-Ниве неокрашенные бампера периодически силиконовой смазкой натирает - все пятна сразу исчезают. Кстати, я тоже избавлялся от следов грязи на пластиковой обшивке передних дверей (внизу) как раз с помощью силиконовой смазки, водой такие следы от обуви из-за рельефного пластика толком не отмываются.'
41,Жидкости-Автохимия,'ЛКП авто (полироли, уход и др.средства)',28.06.2012, 23:55,Zetron,'Спасибо ! Попробую ,а какие марки лутше использовать силиконовой смазки. http://market.yandex.ru/search.xml?t...lid=545&page=2'
41,Жидкости-Автохимия,'ЛКП авто (полироли, уход и др.средства)',29.06.2012, 01:09,Vainbender,'Да любые, без разницы, у меня в данный момент лежит баллон (400 мл) от BBF.'
41,Жидкости-Автохимия,'ЛКП авто (полироли, уход и др.средства)',01.07.2012, 23:06,feudor,'Есть специальные средства для чистки пластика. Вот в качестве примера первые попавшиеся http://www.aquasila.ru/catalog/r154/'
41,Жидкости-Автохимия,'ЛКП авто (полироли, уход и др.средства)',02.07.2012, 21:00,Zetron,'Спасибо !'
41,Жидкости-Автохимия,'ЛКП авто (полироли, уход и др.средства)',11.07.2012, 13:52,zubarev,'домылся шильдика тю-тю'
41,Жидкости-Автохимия,'ЛКП авто (полироли, уход и др.средства)',15.07.2012, 22:22,Zetron,'не подскажите мойку ,которая работает от прикуривать , что могла Ладу Гранду обслужить .'
41,Жидкости-Автохимия,'ЛКП авто (полироли, уход и др.средства)',16.07.2012, 12:44,feudor,'Поищи в инете. Вот первые попавшиеся ссылки. http://www.autodvorniki.ru/item.php?id=1793 http://www.balio.ru/produce/miniwash/'
41,Жидкости-Автохимия,'ЛКП авто (полироли, уход и др.средства)',24.07.2012, 22:10,chapai,'владею Грантой с 1 марта, первый раз помыл 10 июль на ТО1(большую грязь дождь смоет), до этого только пылесосил салон. До этого была ауди семь лет, мыл только перед техосмотром и при пи.....це (два-три раза в год) или по нужде(свадьбу покатать или на крестины свозить) Добавлено через 2 минуты чем чаще моешь тем быстрее сгниёт'
41,Жидкости-Автохимия,'ЛКП авто (полироли, уход и др.средства)',24.07.2012, 22:50,feudor,'то то за 5 лет не сгнила, а мою регулярно. Особенно в слякотную погоду, когда на дорогах каша из снега, воды, грязи и самое главное соли.'
41,Жидкости-Автохимия,'ЛКП авто (полироли, уход и др.средства)',25.07.2012, 10:44,Diman,'теперь я знаю что думают те чушки которые машину на стоянке рядом со мной ставят, за ручку взяться стрёмно , хоть ауди хоть беха! А стоит рядом копеечка краская напедориная, аж глаз радует))) Добавлено через 2 минуты ноги тоже не мыть перед сном! постучал о табуреточку и спать, быстрее заболят!'
41,Жидкости-Автохимия,'ЛКП авто (полироли, уход и др.средства)',25.07.2012, 12:30,Vainbender,'Недавно прочитал такую статью - Богатые ездят на… грязных машинах. В принципе, согласен, у меня знакомые, которые ездят на автомобилях за 2 - 3,5 млн. рублей действительно редко их моют, даже стёкла и номера не протирают. Я, например, так не могу и дело даже не в доходах и т.п., просто не хочется быть свинтусом.'
41,Жидкости-Автохимия,'ЛКП авто (полироли, уход и др.средства)',25.07.2012, 19:46,chapai,'Ты (Вы) до сего момента был(и) адекватны, а тут полезло из натуры сущность'
41,Жидкости-Автохимия,'ЛКП авто (полироли, уход и др.средства)',26.07.2012, 11:20,Prosto-Dmitriy,'Это миф.'
41,Жидкости-Автохимия,'ЛКП авто (полироли, уход и др.средства)',26.07.2012, 12:26,Diman,'Извините если обидел, исправлюсь! Добавлено через 7 минут У меня по этому поводу есть одно ИМХО, может потому что кто победнее-машины моют на даче или у озера. А кто побогаче, им неохота... А деньги тратить на мойку жалко, ведь чем богаче человек-тем он жаднее! думаю поэтому!'
41,Жидкости-Автохимия,'ЛКП авто (полироли, уход и др.средства)',26.07.2012, 21:15,chapai,'мне один хороший знакомый (в достатке) сказал - "богат не тот кто много зарабатывает, а кто умеет экономить". Я экономить не умею, а зарабатываю горбом и руками(('
41,Жидкости-Автохимия,'ЛКП авто (полироли, уход и др.средства)',26.07.2012, 22:17,Diman,'В этом полностью Вас поддерживаю, мне как то раз друг сказал, - "Диман, ты никогда НЕ будешь богатым" - "Почему?" - "ты не умеешь экономить")))'
41,Жидкости-Автохимия,'ЛКП авто (полироли, уход и др.средства)',27.07.2012, 05:18,tarlagoy,'Топик стартер - попробуйте использовать шампунь Johnsons Baby. Только корму Гранты без слёз мыть всё равно не получится из-за зверского дизайна с двойными бровями. ИМХО.'
41,Жидкости-Автохимия,'ЛКП авто (полироли, уход и др.средства)',27.07.2012, 07:52,Prosto-Dmitriy,'Вы серьезно?))) Добавлено через 4 минуты Вообще сама тема вызывает улыбку))) Напрашивается вывод - у всех были до этого разные машины и никто не задумывался чем мыть. Появилась Гранта, и вот тут... Нашла коса на камень))) Ладно, раз уж тема есть такая... ИМХО - автошампунь концетрат, любой. В любом автомагазине. Стоит рублей 60. Флакона хватает на десять моек. Но "реснички" сзади... - Только Джонсонс Бэйби!))))'
41,Жидкости-Автохимия,'ЛКП авто (полироли, уход и др.средства)',02.08.2012, 23:34,Босяк,'Я к мойке авто решил подойти серьёзно,использую бесконтактную мойку,и делаю это у себя в гараже.Использую пеногенератор для нанесения пены и АВД для её смыва,шампунь использую Клинол Мегаполис.Пеногенератор можно и самому сделать,но я не стал заморачиваться и купил Муссон на 12 литров,это такой пеногенератор-минимойка.АВД выбирал долго,у Кархера цена конячая поэтому взял Интерскол 120/1500.Результатом доволен,главное-быстро,мойка 10 минут,протирка ветошью ещё 10 минут и машинка блестит и лак не царапается.200 литровой бочки воды хватает на 6 моек стабильно,но есть и побочный эффект-друзья-соседи по гаражу и родня просятся теперь машинки свои помыть)))'
41,Жидкости-Автохимия,'ЛКП авто (полироли, уход и др.средства)',07.08.2012, 00:29,amir1,'Мою струей воды из колодца (конец шланга просто затыкаю пальцем), затем простым шампунем за 30 руб бутылка, затем шампунь получше (240 руб) - с воском, в названии есть слово wax (вакса), затем смываю водой. Если не лень, омываю дождевой водой из бочки. Она не оставляет пятен. Куплю, пожалуй, мойку высокого давления. Надоело грязь разводить из шланга. В городе пока не мыл. АВтостоянка пыльная до предела, мыть надо после выезда сразу. Мойка в Петербурге стоит: без сушки -150 (если найдете),с сушкой 250. Есть и дороже, дешевле не слышал. Чем там моют, трудно сказать. Скорее всего, самым дешевым шампунем.'
41,Жидкости-Автохимия,'ЛКП авто (полироли, уход и др.средства)',09.08.2012, 08:36,Vlad31,'А подскажите для интимной гигиены вы ей что используете? Пока не прочитал тему даже не задумывался чем мыть, а так повеселило!'
41,Жидкости-Автохимия,'ЛКП авто (полироли, уход и др.средства)',09.08.2012, 13:07,feudor,'А чего веселиться то. У многих это первая машинка, или эксплуатировали старенькие, где забота об ЛКП уходила на задний план. А теперь машинка новенькая и хочется сохранить ее первоначальный вид как можно дольше. Я тоже в начале водительской карьеры мыл машинку и тряпками и поролоновыми губками. Пока не подсказали, что это губительно для ЛКП.'
41,Жидкости-Автохимия,'ЛКП авто (полироли, уход и др.средства)',09.08.2012, 15:48,GurzaTLT,'теперь совсем не моешь? :-))'
41,Жидкости-Автохимия,'ЛКП авто (полироли, уход и др.средства)',09.08.2012, 16:02,Vlad31,'Сам мою автошампунью (дорогую не беру) и тряпкой и губкой и бесконтактной мойкой, лиш бы не на сухую тереть, вот в этом случае как наждаком по краске получается. (мне так кажется)'
41,Жидкости-Автохимия,'ЛКП авто (полироли, уход и др.средства)',09.08.2012, 19:21,feudor,'Тоже здорово царапается, проходили это.'
41,Жидкости-Автохимия,'ЛКП авто (полироли, уход и др.средства)',09.08.2012, 19:39,Blacking,'а если сначала керхером, а потом уже "пенкой" (шампунем) намазывать, ну и смыть керхером, и протереть насухо...'
41,Жидкости-Автохимия,'ЛКП авто (полироли, уход и др.средства)',09.08.2012, 20:18,drako6a,'а какой тряпкой лучше вытирать машину насухо?'
41,Жидкости-Автохимия,'ЛКП авто (полироли, уход и др.средства)',09.08.2012, 21:02,Алекс73,'Влажной искусственной замшей с последующей естественной досушкой.'
41,Жидкости-Автохимия,'ЛКП авто (полироли, уход и др.средства)',10.08.2012, 23:29,Prosto-Dmitriy,'Добавлю. Ее еще часто называют "чудо тряпкой"))) Вообще, вещица классная.'
41,Жидкости-Автохимия,'ЛКП авто (полироли, уход и др.средства)',13.08.2012, 09:14,chapai,'ага помыл тут чудо-тряпкой (раньше ей только вытирал) без шампуня (торопился), теперь все двери в паутину((('
41,Жидкости-Автохимия,'ЛКП авто (полироли, уход и др.средства)',13.08.2012, 09:26,drako6a,'чудо-тряпка это та которая желтая, обычно в тубе продается, которая хорошо впитывает? если да, то ей я протираю после мойки, но все равно от нее остаются разводы и нужно еще чем-нибудь протереть....я купил мягкую ворсистую тряпку'
41,Жидкости-Автохимия,'ЛКП авто (полироли, уход и др.средства)',13.08.2012, 16:05,Алекс73,'Сам не пробовал, но говорят, что на сухо хорошо протирать натуральной замшей.'
41,Жидкости-Автохимия,'ЛКП авто (полироли, уход и др.средства)',15.08.2012, 12:49,Vlad31,'По-моему, больше царапается в процессе езды, чем при мойке.'
41,Жидкости-Автохимия,'ЛКП авто (полироли, уход и др.средства)',20.08.2012, 00:47,aistto,'Пару раз мылся в акваматике, нежный ВАЗовский ЛКП мне не смоют ?'
41,Жидкости-Автохимия,'ЛКП авто (полироли, уход и др.средства)',05.09.2012, 17:28,Zetron,'а стекла чем омываеть всякие пото-жировые пятна , а то я помыл простым очистилем для стекл ,бытовым .'
41,Жидкости-Автохимия,'ЛКП авто (полироли, уход и др.средства)',05.09.2012, 17:42,feudor,'Я я зачастую бытовые средства для стекол применяю.'
41,Жидкости-Автохимия,'ЛКП авто (полироли, уход и др.средства)',29.09.2012, 21:04,Niz,'На мойке смотрите чтобы БК шампунь желательно был нейтральным,тк часто моют средствами для мойки грузовиков, они сильно щёлочные.'
41,Жидкости-Автохимия,'ЛКП авто (полироли, уход и др.средства)',16.10.2012, 01:00,Diomedik,'Так еще проще:едешь в любой салон красоты- там мастера по маникюру на улицу тащишь - она подбирает лак для ногтей под цвет окраски автомобиля - обезжиривает(ето у них есть) и замазывает кисточкой скол - мне помогало! цена вопроса ноль рублей!! знакомый мастер))))'
41,Жидкости-Автохимия,'ЛКП авто (полироли, уход и др.средства)',07.11.2012, 07:27,Zetron,'а до какого -С можно машину на улице мыть ,если вода теплая итд ...'
41,Жидкости-Автохимия,'ЛКП авто (полироли, уход и др.средства)',07.11.2012, 13:37,Epidemic,'Zetron, я в -19 мыл, вымою дверь, сразу синтетической замшей вытру на сухо. И так потихоньку деталь за деталью и вымыл, никаких проблем. Но лучше все же ездить на мойку, хотя бы раз в одну-две недели, в зависимости от частоты поездок. Это мне надо было сохранить идеально чистую машину, а на улице слякоть, пока от мойки доедешь, весь изгваздаешься уже. На мойках хороших зато тепло, да еще и кофе выпить дадут Всяко лучше чем на морозе с водой бултыхаться.'
41,Жидкости-Автохимия,'ЛКП авто (полироли, уход и др.средства)',07.11.2012, 14:19,Vainbender,'В +1 с ветром мыть уже проблематично, т.к. вода на поверхности кузова начинает довольно быстро замерзать.'
41,Жидкости-Автохимия,'ЛКП авто (полироли, уход и др.средства)',12.11.2012, 21:28,Владимир 86,'Ребята подскажите где дешевые и неплохие мойки автомобилей в Н.Н. поблизости к пл. Лядова и Минина,Пожарского.????'
41,Жидкости-Автохимия,'ЛКП авто (полироли, уход и др.средства)',13.11.2012, 20:26,Epidemic,'Вам этот вопрос лучше тут задать: http://www.lada-granta.net/forumdisplay.php?f=83'
41,Жидкости-Автохимия,'ЛКП авто (полироли, уход и др.средства)',06.02.2013, 19:41,Алексеi,'Оставшийся клей от скотча можно убрать ВД40-шкой. Смазка не дает прилипаться клею при растирании к краске. В итоге весь клей прилипает к тряпке- лучше что-то ворсистое.'
41,Жидкости-Автохимия,'ЛКП авто (полироли, уход и др.средства)',06.02.2013, 20:37,Tvin,'Epidemic, ну да ну да, посмотрел бы я на мытье в -19, да и на слякоть...'
41,Жидкости-Автохимия,'ЛКП авто (полироли, уход и др.средства)',06.02.2013, 22:45,Zetron,'на зиму стойт-ли дно машины помыть от осений слякоти ,грязи ,не подскажите как делать что-бе после мойки колодки не примерзали итд ...'
41,Жидкости-Автохимия,'ЛКП авто (полироли, уход и др.средства)',07.02.2013, 00:38,feudor,'Проехаться немного и просушить тормоза кратковременными нажатиями на педаль.'
41,Жидкости-Автохимия,'ЛКП авто (полироли, уход и др.средства)',07.02.2013, 02:55,Epidemic,'Вам видео-отчет подготовить, чтобы вы поверили? Занятие не из приятных, мыть так долго и не очень удобно, если тереть щеткой долго на рамке образуется корочка льда, ее смачивал горячей водой и сразу же вытирал. Резинки смазал силиконом, а в замки WD-40 пшикнул и проблем никаких. Если бы не нужда, поехал бы на мойку, но я уже писал выше, что никак нельзя было снова пачкаться. По поводу слякоти, это был первый день морозов после оттепели, на улице дороги еще просохнуть не успели и снежок начинал сыпать, при такой погоде доехать чистым от мойки до моего гаража просто нереально. Не грязь с дороги, так снег намерзнет растаявший на кузове.'
41,Жидкости-Автохимия,'ЛКП авто (полироли, уход и др.средства)',13.02.2013, 11:36,Mininru,'Привет всем! на днях зацепил передний бампер с левой стороны об гаражные ворота при заезде в гараж, сильно поцарапал как мне кажется! Снёс часть верхнего слоя до грунтовки и одна полоса до пластика! площадь где то 15 см на 20 см. А теперь думаю ехать в сервак на покраску или самому заляпать! Знакомые говорят, что в серваке кусок делать не будут, только целиком весь бампер красить, а это дороговато! самому делать, не знаю какую краску надо, лак или карандаш и т.д.! Кто что подскажет, явно кто нибудь сталкивался с таким делом!'
41,Жидкости-Автохимия,'ЛКП авто (полироли, уход и др.средства)',13.02.2013, 11:46,Shark,'Красят полностью элемент, если по отдельности то будет виден переход цвета. Подберите флакон с краской с кисточкой и лак. Но все равно видно будет, полировка помогает ненадолго.'
41,Жидкости-Автохимия,'ЛКП авто (полироли, уход и др.средства)',13.02.2013, 12:16,Mininru,'Shark, а каким образом можно добиться отсутствия перехода цвета, если не красить весь бампер! или это сложно!'
41,Жидкости-Автохимия,'ЛКП авто (полироли, уход и др.средства)',13.02.2013, 12:25,Shark,'Сложно сказать не видя повреждения. Цвет авто какой?'
41,Жидкости-Автохимия,'ЛКП авто (полироли, уход и др.средства)',13.02.2013, 13:21,Mininru,'Shark, серебристый! я бы фото поставил да не знаю как!'
41,Жидкости-Автохимия,'ЛКП авто (полироли, уход и др.средства)',13.02.2013, 13:29,Mininru,'Shark,'
41,Жидкости-Автохимия,'ЛКП авто (полироли, уход и др.средства)',13.02.2013, 15:53,Shark,'Если нет опыта самостоятельно оооочень трудно будет сделать качественно. Потратите кучу времени и денег. ИМХО лучше к проффи.'
41,Жидкости-Автохимия,'ЛКП авто (полироли, уход и др.средства)',14.02.2013, 07:37,Mininru,'Shark, сегодня поеду, договорился одним спецам показать, что скажут!'
41,Жидкости-Автохимия,'ЛКП авто (полироли, уход и др.средства)',14.02.2013, 09:15,Shark,'Если не сложно, сообщите результаты. Может действительно есть настоящие мастера.'
41,Жидкости-Автохимия,'ЛКП авто (полироли, уход и др.средства)',17.02.2013, 11:18,Катеринка,'Добрый день! Подскажите, пожалуйста, обязательно ли ежегодное прохождение ЛПК?'
41,Жидкости-Автохимия,'ЛКП авто (полироли, уход и др.средства)',17.02.2013, 11:59,Vova2012,'чтоб не было перепада цвета ...около места покраски...на скочь клеите ..резиновый шланг..но краска при этом должна быть подобрана на компьютере ..'
41,Жидкости-Автохимия,'ЛКП авто (полироли, уход и др.средства)',17.02.2013, 16:26,Andrey422,'ЛПК-это что?'
41,Жидкости-Автохимия,'ЛКП авто (полироли, уход и др.средства)',20.02.2013, 18:49,Epidemic,'Mininru, я схожие царапины на кузове убирал двухтысячной шкуркой по мокрому. Все очень просто. Берете кусок такой шкурки, продают в любом магазине авто красок, берете полироль 74 с абразивом и 76 для блеска, обе обычно наливают по весу из больших таких черных литровых бутылей, обе полироли белого цвета. Сперва шкуркой работаете: макаете ее в воду и стираете с умеренным нажимом царапины. Сильно не усердствуйте, ваша задача не сточить краску совсем, а убрать первичный слой. Когда закончите со шкуркой паролоновой чистой и обязательно чистой губкой, купите лучше новую для этих дел, наносите 74 полироль. Слой не обязательно большой и втирайте круговыми движениями, крайне желательно попытаться имитировать полировочную машинку, чтобы полироль нагревалась от трения, либо тепловой пушкой предварительно нагрейте бампер. По итогу всех манипуляций наносите 76 полироль, можно губкой, можно шерстью, для блеска. Примерный бюджет 200-300 рублей, в зависимости от количества полироли и цен на нее в ваших магазинах. Работы проводить желательно в теплом помещении, либо на протяжении всей работы прогревать участок тепловым вентилятором.'
41,Жидкости-Автохимия,'ЛКП авто (полироли, уход и др.средства)',24.02.2013, 17:53,Vovanstav,'Свою машину примерно 2-3 раза в год мою бесконтактной, а так ведерко, дешевую шампуньку и губку мягкую. Главно воды не жалеть и сильно не тереть губкой. За 4 года царапин от мойки нет. А бесконтактной мою, что б с щелей грязь всю отмыть, ведь везде губкой не подлезешь. Была бы возможность, мыл бы просто со шланга с губкой. Керхер мне не кажется безобидной мойкой, уж сильно большое давление и песок один фиг трется под давлением воды в итоге пескоструй. Это мое мнение, никого не заставляю так делать, но для себя выводы сделал такие. В сухую погоду раз в месяц мою, зимой и когда слякотно мою практически каждый день, если температура плюсовая или около 0.'
41,Жидкости-Автохимия,'ЛКП авто (полироли, уход и др.средства)',24.02.2013, 19:49,feudor,'Не верю я в это. Мелкие царапины, незаметные с расстояния в 1 метр, наверняка есть.'
41,Жидкости-Автохимия,'ЛКП авто (полироли, уход и др.средства)',24.02.2013, 19:57,Epidemic,'Vovanstav, губку в идеале менять после каждой мойки. Я, было дело, разрезал старую губку, которой машину мыл на протяжении всего лета, внутри сплошной песок. Офигел и выбросил ее, купил на рынке щетку с мягкой ручкой, теперь вообще красота, прополоскал ее и она чистая, а благодаря ручке рука всегда сухая, можно мыть даже в мороз. Три дня назад было солнечно и -10, так я на солнышке всю машину вымыл и руки ни разу не замочил. Плюс щетка экономит воду, потому что в губке ее набирается слишком много и большое количество уходит в никуда.'
41,Жидкости-Автохимия,'ЛКП авто (полироли, уход и др.средства)',24.02.2013, 21:49,feudor,'В гараже лежат 3 губки новые в упаковке уже несколько лет. Не пользуюсь ими. Тоже самое, купил щетку. Решаю вопрос как подать в нее воду, конструкция щетки позволяет это сделать.'
41,Жидкости-Автохимия,'ЛКП авто (полироли, уход и др.средства)',25.02.2013, 14:15,Epidemic,'feudor, самотеком вряд ли получится подать воду, у меня на конце щетки есть краник небольшой, на даче подсоединял к нему шланг для полива участка, который подключен к общей сети водоснабжения, вообще красота была. Из центра щетки вода льется, да и с приличным напором, никаких ведер не надо Решил протереть, краник на самой щетке закрыл, вода не идет. Правда есть подозрение, что при сильном напоре пластиковый краник на щетке попросту разломит.'
41,Жидкости-Автохимия,'ЛКП авто (полироли, уход и др.средства)',25.02.2013, 19:00,feudor,'Конечно не получится. Надо что то мудрить с насосом.'
41,Жидкости-Автохимия,'ЛКП авто (полироли, уход и др.средства)',22.03.2013, 13:48,Ky6uk-Py6uk,'Ребят вопрос по ЛКП!!! Начал слезать лак осенью, на капоте думал мех. повреждения (сколы)!!! Затянул карбоновой пленкой сейчас пошел курить вижу, что на пол капота поднимает пленку!! Решил посмотреть что да как и снял всю пленку (как одеяло) вместе с лаком причем вообще без усилий теперь пол капота без лака((( и толщина лака совсем смешная менее 0.5 мм(( может лак косячный???'
41,Жидкости-Автохимия,'ЛКП авто (полироли, уход и др.средства)',22.03.2013, 14:37,Sergeo,'Нарушены условия покраски похоже. Лак на базу был нанесён позже положенного срока, на "пересушенную" базу.'
41,Жидкости-Автохимия,'ЛКП авто (полироли, уход и др.средства)',22.03.2013, 15:32,Егор,'Я бы предложил обратиться к гарантийщикам.'
41,Жидкости-Автохимия,'ЛКП авто (полироли, уход и др.средства)',22.03.2013, 16:36,Ky6uk-Py6uk,'я вот тоже об этом думаю!! Спасибо хоть на этом еще варианты будут??'
41,Жидкости-Автохимия,'ЛКП авто (полироли, уход и др.средства)',22.03.2013, 16:48,rolik1583,'А сколько должна быть? Толщина слоя лака 50-120 мкм или 0.05-0.12 мм'
41,Жидкости-Автохимия,'ЛКП авто (полироли, уход и др.средства)',22.03.2013, 18:09,Ky6uk-Py6uk,'у меня до этого тоета была так там слоя гранты поместилось бы в одном!!!'
41,Жидкости-Автохимия,'ЛКП авто (полироли, уход и др.средства)',24.03.2013, 15:33,Vitaly,'Есть еще вариант - самому долбаться, перекрашивать. За собственные денежки. Может быть так кому-то больше нравится.'
41,Жидкости-Автохимия,'ЛКП авто (полироли, уход и др.средства)',24.03.2013, 18:35,Апостол,'бесполезно, случай признают негарантийным из-за обтяжки капота пленкой только этот вариант и остается'
41,Жидкости-Автохимия,'ЛКП авто (полироли, уход и др.средства)',25.03.2013, 06:39,Ky6uk-Py6uk,'А как они докажут что пленка была???? от нее даже следов не осталось!!!!!!!!'
41,Жидкости-Автохимия,'ЛКП авто (полироли, уход и др.средства)',25.03.2013, 20:23,Epidemic,'Какого года Тойота? У меня 2012, там металл пальцем прогибается в отличии от Гранты и по изучению скола на Гранте и на Королле краска на Королле тоньше, при том, что у Гранты от щебня скол до грунта, а у Короллы от камешка до металла. А по сабжу, только на гарантию. Доказать, что была пленка они не смогут. Тут два варианта: либо заводской дефект (хотя странно как-то, красят роботы же), либо если пользуетесь услугами автомоек, на которых применяют препараты с "кислотными" ПАВами.'
41,Жидкости-Автохимия,'ЛКП авто (полироли, уход и др.средства)',27.03.2013, 09:09,Ky6uk-Py6uk,'Королла была 96 года!!! там и краска и лак толстым слоем(Все заводское не перекрашивалось) а тут и сколов то не видно а лак облазит!!! а по Мойке она проверенная я там дано моюсь и никогда ничего!!! а тут капот и все так бы она вся облазила!!!! ни бампер ни крылья !!! а вот про пересушку я думаю это как раз та причина хоть и роботы красят вот только в России к сожалению все возможно!!!!!'
41,Жидкости-Автохимия,'ЛКП авто (полироли, уход и др.средства)',27.03.2013, 10:19,drug,'фото в студию! и несколько с разных углов для наглядности.'
41,Жидкости-Автохимия,'ЛКП авто (полироли, уход и др.средства)',27.03.2013, 13:11,Ky6uk-Py6uk,'Завтра капот помою сфотаю и скину сегодня уже не успею!!'
41,Жидкости-Автохимия,'ЛКП авто (полироли, уход и др.средства)',27.03.2013, 17:07,Epidemic,'На старых авто и металл толще и краска более грубыми слоями нанесена. У меня на двойке 83 года был такой слой краски заводской, ой-ой Опять же по сабжу, вот по запросу в гугле выдало кучу ссылок на жалобы, что слезает лак именно с капота и бампера. В списке Astra, VW, Mazda, BMW и т.д. https://www.google.ru/webhp?sourceid...w=1680&bih=949'
41,Жидкости-Автохимия,'ЛКП авто (полироли, уход и др.средства)',27.03.2013, 20:23,Ky6uk-Py6uk,'Да это то понятно сколы и в основном это несколько элементов а тут один!!! только капот на бампере нигде ничего нет хотя по сути бампер более проблемное место у авто!!!! и причем все это довольно странно выглядит!!!! завтра скину фото!!!'
41,Жидкости-Автохимия,'ЛКП авто (полироли, уход и др.средства)',27.03.2013, 22:09,Epidemic,'У меня друг отдавал ВАЗ 2105 в официальный сервис на капиталку подвески и движка. Когда приехали забирать машину первым делом проверяли именно ходовку, но обратили внимание, что капот какой-то тусклый, в подтеках. Но подумали что отмоется и уехали. А мойка и полировка результата не дали никакого. Вернулись к дилеру а нас послали, говорят, надо было сразу об этом говорить, мало ли где вы неделю ездили (в принципе логично). Уж не знаю как и чем, но тоже ровно с капота слез весь лак.'
41,Жидкости-Автохимия,'ЛКП авто (полироли, уход и др.средства)',29.03.2013, 06:33,Ky6uk-Py6uk,'Вот фото Видно плохо (Это же Лак) но рассмотреть можно!!!!'
41,Жидкости-Автохимия,'ЛКП авто (полироли, уход и др.средства)',29.03.2013, 12:51,Epidemic,'Похоже на воздействие именно что пленки. Но только чтобы сдирая пленку содрать и лак на свежем авто я как-то раньше не встречал таких случаев.'
41,Жидкости-Автохимия,'ЛКП авто (полироли, уход и др.средства)',29.03.2013, 13:01,Slavent154,'Epidemic, поправь, если я ошибаюсь, я где-то читал, что некоторое время новую машину не советуют мыть бесконтактной мойкой, да ещё и с применением химии, чтобы ЛКП закрепилось, может быть, здесь дело в этом?'
41,Жидкости-Автохимия,'ЛКП авто (полироли, уход и др.средства)',29.03.2013, 13:55,Epidemic,'Slavent154, в руководстве об этом вроде нет, читал его два раза (от безделия ), но вообще да, я тоже такое слышал, что не рекомендуется частая мойка под давлением на новом авто.'
41,Жидкости-Автохимия,'ЛКП авто (полироли, уход и др.средства)',29.03.2013, 17:47,John_Po,'Ky6uk-Py6uk, а зачем затягивать стал пленкой? надо было в гарантийку ехать а не пленкой затягивать. Я тоже стойки затянуть хотел, но вовремя передумал, т.к. задумался что же потом будет с лаком когда пленку захочу снять. В инете есть фото когда после пленки и на старых машинах пленка сходит вместе с лаком. Поспешил ты однако. Правда еще и от качества пленки зависит. Теперь только перекрашивать, но это не смертельно, в хороший сервис отдашь покрасят не отличишь от заводской покраски.'
41,Жидкости-Автохимия,'ЛКП авто (полироли, уход и др.средства)',29.03.2013, 19:25,Epidemic,'John_Po, если машине больше чем пара месяцев, ничего от пленки не будет. А на старых машинах часто вместе с краской снимают, на Жигулях каких-нибудь советских, потому что краска уже отсыхать начинает. На свежем авто хоть каждый день клей и отдирай, ничего не будет.'
41,Жидкости-Автохимия,'ЛКП авто (полироли, уход и др.средства)',29.03.2013, 19:40,John_Po,'Epidemic, http://funfix.ru/post/14102/ комментарии излишне... хотите поэкспериментировать на своем автомобиле?'
41,Жидкости-Автохимия,'ЛКП авто (полироли, уход и др.средства)',29.03.2013, 22:13,Epidemic,'John_Po, слишком жестко как-то. У меня есть четыре знакомых человека, которых знаю в реале, а не в сети, занимающихся винилом. Двое из них переклеивают свои машины каждый год, их авто - это рекламный продукт. У одного десятый Лансер, у другого 2114, у обоих все в порядке. Остальные двое переклеивают свое авто частично, аля стикербомбинг, тоже все в порядке. И ни к одному еще за время работы не пришли с претензиями на то, что лак отошел. Пленку обычно за тем и клеят, чтобы сохранить ЛКП. P.S. по ссылке так же есть фраза, цитирую: "Винил не рекомендуют клеить на недавно окрашенные поверхности. Кстати, данная машина была куплена новой и крыша на ней не перекрашивалась. Далее мы обратили внимание на то, что при отклеивании пленки, если на лако-красочном покрытии были сколы, то лак снимается прямо от скола" P.S.S. на фото по ссылке какой-то ахтунг. Полная безвкусица'
41,Жидкости-Автохимия,'ЛКП авто (полироли, уход и др.средства)',30.03.2013, 01:49,trek,'Epidemic, препараты автомоечные серьезная штука. Если их шампуня разведенного распылить, и вдохнуть, ощущения невероятные испытываешь. Как они там выживают просто непонятно.'
41,Жидкости-Автохимия,'ЛКП авто (полироли, уход и др.средства)',30.03.2013, 09:58,drug,'Ky6uk-Py6uk,Была такая проблема на 2115 на бампере. Машине было 5-6 лет поэтому не обращал внимание. Точно не из-за пленки. Налицо недостаточная межслойная адгезия. Скорее всего капот твой был перекрашен. Причем основная поверхность только лаком. Чтобы выяснить так ли это нужно померить толщину ЛКП специальным прибором. Причем и то место, где блеск еще есть (не отслоившийся лак), так и там, где уже отслоился. Толщина в норме должна быть не более 130 микрон (0,13 мм). Если там где не отслоился лак, больше 130 микрон - точно перекрашивался. Возможно накосячил дилер - стукнули капот и перекрасили. Есть еще вариант, но не факт, что получится - попробуй отполировать "матовое" место - если "заблестит" - то это лак. Это подтвердит версию, что перекрасили лаком по лаку. Только осторожно, можно протереть до грунта. Хотя тебе по-любому красить. Лучше, если все это будет делать сервис после твоего обращения по гарантии.'
41,Жидкости-Автохимия,'ЛКП авто (полироли, уход и др.средства)',30.03.2013, 18:14,Epidemic,'76 полиролью до грунта не протрешь. На губку нанести и руками располировать. Если эффекта сразу нет, то его и после полировочной машинки не будет. Добавлено через 50 секунд Видимо поэтому и не рекомендуют мыть новые машины на таких мойках. Я вообще на мойках машину мыть стал только зимой, когда самому уже никак.'
41,Жидкости-Автохимия,'ЛКП авто (полироли, уход и др.средства)',30.03.2013, 18:39,Tvin,'Так и выживают, сам работал на автомойке, после пары смен кожа на руках шелушиться, а после месяца кожа становится темной, как будто обгарела и начинает облазить. это просто потому, что химия попадает на руки когда пенишь. Неразведенная химия аллюминий растворяет'
41,Жидкости-Автохимия,'ЛКП авто (полироли, уход и др.средства)',30.03.2013, 19:20,Epidemic,'Обычно мойщики в комбезах с длинным рукавом работают. И химию разъедающую алюминий обычно не используют. У нас для служебных авто закупают очень мягкий реагент, один раз на руку пролил, когда заливал в бак, промыл не сразу и с кожей все в порядке, ни жгло, не чесалось, ни болело. Будто обычным мылом намылил.'
41,Жидкости-Автохимия,'ЛКП авто (полироли, уход и др.средства)',30.03.2013, 21:01,Tvin,'Ага, вы мне еще расскажите что там покупают, и как там работают.Не надо говорить о том чего не знаешь, под словом руки имелось ввиду кисть, ладонь. Короче вы тут всезнающий что уж говорить...'
41,Жидкости-Автохимия,'ЛКП авто (полироли, уход и др.средства)',30.03.2013, 21:40,Epidemic,'Tvin, прочтите еще раз мое сообщение, причем более внимательно. Закупают для СЛУЖЕБНЫХ авто, состоящих на балансе фирмы. У нас не автомойка. У нас обычная тех.база, на территории которой есть мойка для служебных авто. Я говорил про наши препараты. За все мойки в городе я не берусь отвечать. Не исключено, что где-то используют авиационные пенные препараты, которые более дешевые (как не странно). О ценах осведомлен, потому что работаю в АвиаКомпании.'
41,Жидкости-Автохимия,'ЛКП авто (полироли, уход и др.средства)',30.03.2013, 21:49,Tvin,'ды прочел вроде внимательно. Это обычная химия для мойки авто, размешивается с водой один к пяти, имеет светло красный цвет и гелеобразную консистенцию. Канистру видел лично. Про алюминий понятное дело что она его не за минуту растворила, просто концентрат попал на аллюминевый пол (в количестве примерно 200 граммов) и так как это гель лежал горочкой на полу, в течении суток. В этом месте пол был как будто погрызан. Т.е верхний слой был малость растворен. ну незнаю как еще объяснит'
41,Жидкости-Автохимия,'ЛКП авто (полироли, уход и др.средства)',31.03.2013, 00:18,VIRUS,'Вот так помоешь двигатель этим концентратом'
41,Жидкости-Автохимия,'ЛКП авто (полироли, уход и др.средства)',31.03.2013, 00:20,Tvin,'Для двигателя другое средство оно еще сильнее'
41,Жидкости-Автохимия,'ЛКП авто (полироли, уход и др.средства)',31.03.2013, 09:03,John_Po,'ага и с дыркой в радиаторе из мойки уедешь! Помылся блин...'
41,Жидкости-Автохимия,'ЛКП авто (полироли, уход и др.средства)',31.03.2013, 10:05,Mishanya,'Да никто концентратом и не моет, это во-первых очень дорого получится, во-вторых получить можно по лицу за порчу автомобиля, а на мойках машины моют не только такие как мы с вами, но и весьма брутальные личности, которым убить человека проще, чем поздороваться с ним.'
41,Жидкости-Автохимия,'ЛКП авто (полироли, уход и др.средства)',31.03.2013, 17:31,Ky6uk-Py6uk,'Дело не в пленке вовсе!!!John_Po, Сразу не обратился подумал там не сильно много спишут на мех повреждение думал пленкой спрячу!!!! а по поводу снятия пленки на ссылке вообще пленку снимали не правильно тем более что там остался след от пленки!!! У меня же нет следов и пленку не снимал утром был минус оставил машину все было норм в обед подошел на солнце +10 и пленка сама полнилась!!!! и слезла как одеяло!!! drug Да я уже много слышал как то на заводе то в процессе транспортировки то у дилера машины царапают и т.д. потом перекрашивают и продают!!! я не стал затрачивался с толщиномером т.к. тогда были очереди на них а машину надо было срочно!!!! вся проблема в том что пленка практически не приклеилась это было зимой затянул в теплом боксе сел и поехал , а надо было выждать хоть сутки!!! на недели поеду к дилеру на ТО там и поговорим!!!!'
41,Жидкости-Автохимия,'ЛКП авто (полироли, уход и др.средства)',31.03.2013, 17:37,John_Po,'Ок , если я не совсем в теме, то спорить не буду. Добавлено через 4 минуты Я себе задние боковые стекла винилом заклеил (маленькие боковушки). В магазине сказали что 3М - оказалось китайщина. В итоге пленка через полгода дала усадку около сантиметра на длинне в 25 см!! Вот вам и затонировал заднее стеклышко. В принципе для меня не критично и практически не заметно. А если капот обклеить так там усадка представьте какая будет?! Так что будьте бдительны! И еще не известно как такая пленка сниматься будет. Со стекла то я ее сниму как нибудь, не вопрос, а с краски это может быть и гемор был бы...'
41,Жидкости-Автохимия,'ЛКП авто (полироли, уход и др.средства)',01.04.2013, 11:19,Tvin,'Mishanya, про брутальных личностей эт точно, но а с концентратом все просто, кто его на вас тратить то будет, ну а густой при всем желании пенник не прогонит...'
41,Жидкости-Автохимия,'ЛКП авто (полироли, уход и др.средства)',01.04.2013, 11:37,Shark,'Для информации по перекраски кузовных деталей у дилера. Дилер имеет право перекрашивать кузовные детали повреждение лакорасочного покрытия которого было повреждено в процессе транспортировки. При этом покрасочные работы "соответствуют" технологическим процессам производителя. А вот, донесли ли это конечному покупателю, уже на совести манагера. Ибо тот понимает, что за это или откажутся от покупки или потребуют подарки со скидками.'
41,Жидкости-Автохимия,'ЛКП авто (полироли, уход и др.средства)',01.04.2013, 11:56,Ky6uk-Py6uk,'Никаких покрасочных работ на машине небыло!!!!'
41,Жидкости-Автохимия,'ЛКП авто (полироли, уход и др.средства)',01.04.2013, 12:03,Shark,'Я не про ваш случай. Только для информации. При применении прозрачных пленок на белом авто ( реальный случай) при эксплуатации в московской регионе за год, заметное отличие оттенка цвета. Под пленкой как был так и остался, на остальном заметно "посерел".'
41,Жидкости-Автохимия,'ЛКП авто (полироли, уход и др.средства)',03.04.2013, 06:48,Ky6uk-Py6uk,'Съездил к дилеру покраска по гарантии!!! заводской дефект!!!'
41,Жидкости-Автохимия,'ЛКП авто (полироли, уход и др.средства)',03.04.2013, 07:35,Algabas,'радует, что признали косяк. пусть машинка радует!'
41,Жидкости-Автохимия,'ЛКП авто (полироли, уход и др.средства)',03.04.2013, 09:03,Ky6uk-Py6uk,'Да это просто отлично что признал вину завод а ведь могли же брыкатся!!! и я не доказал бы ничего!!!'
41,Жидкости-Автохимия,'ЛКП авто (полироли, уход и др.средства)',03.04.2013, 11:26,Егор,'Я за Вас очень рад!!'
41,Жидкости-Автохимия,'ЛКП авто (полироли, уход и др.средства)',03.04.2013, 11:39,Epidemic,'Рад за вас. Желаю, чтобы не было больше таких косяков.'
41,Жидкости-Автохимия,'ЛКП авто (полироли, уход и др.средства)',03.04.2013, 12:10,Ky6uk-Py6uk,'Будем наедятся!!! Добавлено через 1 минуту Всем огромное спасибо ребят за поддержку теперь будем наденется что все будет лучше прежнего!!!! Всем ровных дорог ни гвоздя ни жезла!!!!)'
41,Жидкости-Автохимия,'ЛКП авто (полироли, уход и др.средства)',05.04.2013, 11:34,Denis 070,'Всем привет.Подобное видел на крыше новенького Опель Мокка да плюсом пошорканные реллинги,так что вы не одиноки.'
41,Жидкости-Автохимия,'ЛКП авто (полироли, уход и др.средства)',05.04.2013, 13:58,vess,'Есть ньюанс. Если о факте ремонтной окраски до продажи не был доведен до покупателя, этот самый покупатель, если такое обнаружит легко и непринужденно расторгнет договор купли продажи в любое удобное время. Хоть через 2 года владения автомобилем. Судебное разбирательство в этом случае материально выгодно.'
41,Жидкости-Автохимия,'ЛКП авто (полироли, уход и др.средства)',05.04.2013, 14:09,Shark,'Вот-вот, с правильным юристом и экспертом, вообще не вопрос так сделать. Но надо быть морально и финансово готовым к длительному процессу суда. Т.к. просто так дилер договор купли-продажи не расторгнет.'
41,Жидкости-Автохимия,'ЛКП авто (полироли, уход и др.средства)',05.04.2013, 21:11,Epidemic,'Не забывайте, что есть куча претендентов, когда суды отказывают в иске, потому что владельцы не могут доказать, что авто они не перекрашивали сами, уже после покупки.'
41,Жидкости-Автохимия,'ЛКП авто (полироли, уход и др.средства)',19.04.2013, 11:09,Ky6uk-Py6uk,'все покрасили результатом доволен как удав!! оплатил только 100 рублей за мойку все прошло по гарантии!!!!!!!!!!!!!!!'
41,Жидкости-Автохимия,'ЛКП авто (полироли, уход и др.средства)',19.04.2013, 12:46,H.A.J.,'Поздравляю! Вот у Лазера - ни какие рыжики за гарантийные не принимают ...'
41,Жидкости-Автохимия,'ЛКП авто (полироли, уход и др.средства)',19.04.2013, 12:59,Slavent154,'Нормально сделали?'
41,Жидкости-Автохимия,'ЛКП авто (полироли, уход и др.средства)',23.04.2013, 20:57,Ky6uk-Py6uk,'Да все норм вот только при детальном осмотре нашел маленькую соринку((( но она не заметна тем более мухобойку поставил теперь если даже захочешь не увидишь!)))'
41,Жидкости-Автохимия,'ЛКП авто (полироли, уход и др.средства)',24.04.2013, 08:55,Zetron,'Что-то пыль к машине очень липнет ,может я так ревностно отношусь к машине и чем внутри салон обрабатывать пластик ,а то куплю что-то не то . Добавлено через 7 минут ой так получилось ну все за год забыл ,сам когда-то этим вопросом интересовался'
41,Жидкости-Автохимия,'ЛКП авто (полироли, уход и др.средства)',24.04.2013, 09:44,feudor,'В магазинах полно разных полиролей и по разным ценм. Доводилось пользоваться вот такой, нормально все было.'
41,Жидкости-Автохимия,'ЛКП авто (полироли, уход и др.средства)',24.04.2013, 10:12,daaz,'Мне тоже мощные керхеры на автомойках не нравятся. Лучшая мойка у меня на даче. В обычную 200 литровую бочку из которой поливаю огород , опускаю обычный погружной насос "малыш" (1000 руб) со шлангом метров 6 + насадка распылитель, можно щетку. Насос опускаю в пластиковом ведре на половину от верха бочки , чтобы грязь со дна не сосал. Пол бочки за глаза хватает обильно помыть машину. контактное с губкой или бесконтактное моющее средство это дело вкуса. Жаль что такое удовольствие можно себе позволить только летом. Добавлено через 6 минут Раза два в год полирую машину ТуртлеВаксом, особенно полезно перед началом зимней эксплуатации это делать. Полировать руками тяжело и долго поэтому использую специальную электрическую полировочную вибрирующую машинку. Потом трудные места салфеткой. Добавлено через 1 минуту Хорошая тщательная мойка с полировкой и уборкой салона не меньше 3 часов отнимает.'
41,Жидкости-Автохимия,'ЛКП авто (полироли, уход и др.средства)',24.04.2013, 19:06,Zetron,'ого сколько нюансов .'
41,Жидкости-Автохимия,'ЛКП авто (полироли, уход и др.средства)',25.04.2013, 18:59,serbtula,'Я пластик салона полиролью для мебели безвредной для пластика обрабатываю. С антистатическим эффектом. Пыль не липнет и силиконового блеска нет'
41,Жидкости-Автохимия,'ЛКП авто (полироли, уход и др.средства)',05.05.2013, 23:24,kin65,'Хорошие советы по помывке и полировке в детейлинг клубе. Пользуюсь для полировки химией Soft99, японская, недешевая, но она того стоит, такую же наносил на свой Лифан. На днях полировал FUSSO COAT НА 12 МЕСЯЦЕВ , после полировки вода действительно волной сходит. На "жидкое стекло" от Вилсона не раскрутился - уж дюже дорого.'
41,Жидкости-Автохимия,'ЛКП авто (полироли, уход и др.средства)',08.05.2013, 09:14,Винни-78,'А зря. Разница до и после нанесения жидкого стекла небо и земля. И после нее машина в дождь как то меньше пачкается. Грязь сама стекает.'
41,Жидкости-Автохимия,'ЛКП авто (полироли, уход и др.средства)',08.05.2013, 22:31,kin65,'Да это я знаю, что одно из лучших. Но пока не до того. Итак скопилось масса видов полиролей, теперь на досуге тру авто своих родственников.'
41,Жидкости-Автохимия,'ЛКП авто (полироли, уход и др.средства)',12.05.2013, 10:58,Zetron,'не подскажите как дно машины отмыть ,а то за весну всякой грязи на хватал ,может типа танковой щетки применить как в армий .'
41,Жидкости-Автохимия,'ЛКП авто (полироли, уход и др.средства)',12.05.2013, 11:36,feudor,'Обратись на автомойку, у нас на мойк4ах разные услуги предлагают, в т.ч. и днище промоют.'
41,Жидкости-Автохимия,'ЛКП авто (полироли, уход и др.средства)',18.05.2013, 11:30,ildar,'а еще есть какие -нибудь варианты? слышал CIF используют и средства для чистки газовых плит'
41,Жидкости-Автохимия,'ЛКП авто (полироли, уход и др.средства)',19.05.2013, 19:35,Николай Н.Н.,'.В наше время очень много различных средств для полировки и ухода за ЛКП авто,очень полезным будет узнать у пользователей данного форума из их личного опыта о средствах за уходом за ЛКП,так как методом проб и ошибок будет накладно да и потерянного времени и труда по напрасну будет жалко,ведь много очень подделок на фирменные марки средств.прошу поделиться опытом и названиями средств.ведь в рекламах не скажут всего...'
41,Жидкости-Автохимия,'ЛКП авто (полироли, уход и др.средства)',20.05.2013, 01:13,shtamt,'Можно и кометом оттереть. Я оттирал на 9 когда мыл авто с добавлением автошампуня (бесконтактного) марку не помню, брали канистру на 25 литров стоимостью около 4000. Распылили разведенный концентрат на авто, и заодно потер остатки скотча, так он катышками очень легко снялся. После керхера следов скотча не осталось.'
41,Жидкости-Автохимия,'ЛКП авто (полироли, уход и др.средства)',20.05.2013, 13:09,рафаэль+,'А если человек цитирует чьи-то фразы, то это значит, что своих аргументов уже не осталось или их и не было вовсе.'
41,Жидкости-Автохимия,'ЛКП авто (полироли, уход и др.средства)',20.05.2013, 15:04,Epidemic,'Желтые пузырки аля Doctor Wax лучше не брать, деньги на ветер, полное барахло. Если для блеска нужна 76 полироль. Хранится в 1.5 литровых черных баллонах, продают обычно на развес в любой автоэмали. А вообще самый классный эффект был от советской полироли на основе воска, она у меня камнями застыла, я ее разогрел и покрыл половину старой машины перед продажей (на сколько хватило), а другую сторону современной 76. Эффект от советской был офигительный, а от современной похуже.'
41,Жидкости-Автохимия,'ЛКП авто (полироли, уход и др.средства)',20.05.2013, 20:58,Николай Н.Н.,'Kangaroo- вот сегодня мне предложили эту полироль..в магазине ее нахваливали..но я с такой еще не встречался...кто может сказать про нее? кто пользовался?'
41,Жидкости-Автохимия,'ЛКП авто (полироли, уход и др.средства)',21.05.2013, 21:21,андрей николаевич,'появилась глубокая царапина до грунта чем заделать в домашних условиях и как?!'
41,Жидкости-Автохимия,'ЛКП авто (полироли, уход и др.средства)',21.05.2013, 22:35,Epidemic,'андрей николаевич, зачем? У меня скол до грунта живет уже год и хоть бы хрен ему. А так есть пузырьки с ремонтной краской и кисточкой. Но красить кисточкой не советую, уродство. Лучше зубочисткой или спичечкой плоско сточенной.'
41,Жидкости-Автохимия,'ЛКП авто (полироли, уход и др.средства)',22.05.2013, 18:05,serbtula,'Turtle Wax Metallic - визуально классный эффект, как будто пару слоёв лака добавилось) И капли воды стекают не задерживаясь шариками.'
41,Жидкости-Автохимия,'ЛКП авто (полироли, уход и др.средства)',25.05.2013, 20:44,Danokia,'Конечно если машина светлая там и не видно, но если темная все наоборот вообщем. Заделать ее получится тока покраской. Можно купить во флакончике данный цвет и к примеру зубочисткой аккуратненько замазать. Есть в инете еще карандаш называется Фикс ит про, сам себе хотел заказать стоит кстати в инете 350р. но почитавши отзывы отказался. Люди пишут что да он действительно работает но хватает его до первой мойки авто.'
41,Жидкости-Автохимия,'ЛКП авто (полироли, уход и др.средства)',25.05.2013, 22:12,Vova2012,'воще то ...сымается лючок..и подбирается краска...компьетером...крась не хочу..а всё не "родное" может не подойти по цвету..'
41,Жидкости-Автохимия,'ЛКП авто (полироли, уход и др.средства)',25.05.2013, 22:39,Epidemic,'Vova2012, такой подбор не на все краски делают. Да и не требуется подбор на авто, которому пару лет, не успеет краска выгореть.'
41,Жидкости-Автохимия,'ЛКП авто (полироли, уход и др.средства)',25.05.2013, 23:11,андрей николаевич,'да краску я подобрал с кисточкой -некрасиво получается! пробовал полиролью тоже нет! может лаком попробовать? цвет рислинг 610'
41,Жидкости-Автохимия,'ЛКП авто (полироли, уход и др.средства)',26.05.2013, 10:14,Epidemic,'Лак в таком случае бесполезен. Сбросьте фото, посмотрю.'
41,Жидкости-Автохимия,'ЛКП авто (полироли, уход и др.средства)',26.05.2013, 15:18,moroz040203,'Насколько я понимаю, это всё же не защитный состав, а безабразивная полировальная паста. Для правильного блеску и защиты после 76 надо ещё чем-то типа или нафигачить? Или я ошибаюсь? Кстати, и у 3М есть свой защитный блестючий состав, только я его в упор в магазинах не вижу... не возят, цуки... :-)'
41,Жидкости-Автохимия,'ЛКП авто (полироли, уход и др.средства)',26.05.2013, 19:26,Epidemic,'Верно, но эффекта от этой пасты хватит на сезон, как минимум. Старую машину полировал перед зимой.'
41,Жидкости-Автохимия,'ЛКП авто (полироли, уход и др.средства)',26.05.2013, 21:24,Andrey422,'Парни, а кто-нибудь пользовался полиролем SILICONE GLAZE от Amway?'
41,Жидкости-Автохимия,'ЛКП авто (полироли, уход и др.средства)',26.05.2013, 21:51,serbtula,'Сетевой маркетинг который? Этот AMWAY? Не, не пользовался и не собираюсь. Нет Доверия к товарам, которые мне усиленно впаривают))'
41,Жидкости-Автохимия,'ЛКП авто (полироли, уход и др.средства)',26.05.2013, 22:12,feudor,'Тоже ею пользуюсь.'
41,Жидкости-Автохимия,'ЛКП авто (полироли, уход и др.средства)',26.05.2013, 22:19,kox,'Купил вот такую полироль, после мойки иногда натирать)'
41,Жидкости-Автохимия,'ЛКП авто (полироли, уход и др.средства)',26.05.2013, 22:31,Andrey422,'Придется мне в качестве подопытного кролика быть)) Как попробую-отпишусь....'
41,Жидкости-Автохимия,'ЛКП авто (полироли, уход и др.средства)',27.05.2013, 15:26,kll,'Мне по КАСКО недавно официалы перекрашивали, лючок не снимали, сказали их оборудование в этом не нуждается. да и еще, бегло взглянул своим дилетантским взглядом, не совсем понял, как снять лючок.'
41,Жидкости-Автохимия,'ЛКП авто (полироли, уход и др.средства)',31.05.2013, 21:25,pavlik44,'Подкрашивать ремонтной краской нужен самый минимум на кисточке,тогда получается .'
41,Жидкости-Автохимия,'ЛКП авто (полироли, уход и др.средства)',31.05.2013, 21:43,zenn416,'Купил маркер за 100 рублей в цвет.провел по царапине-вообще не заметно.цвет калина 104'
41,Жидкости-Автохимия,'ЛКП авто (полироли, уход и др.средства)',31.05.2013, 22:23,Epidemic,'Через пару моек царапина раскроется.'
41,Жидкости-Автохимия,'ЛКП авто (полироли, уход и др.средства)',01.06.2013, 22:17,андрей николаевич,'а что за маркер???'
41,Жидкости-Автохимия,'ЛКП авто (полироли, уход и др.средства)',01.06.2013, 22:36,Mishanya,'андрей николаевич, да восковой карандаш,, чисто перед продажей скрыть царапки, да и то-только на очень светлых цветах, лучше всего на белом.'
41,Жидкости-Автохимия,'ЛКП авто (полироли, уход и др.средства)',13.06.2013, 17:43,grantowod,'Ребят,может ктонибудь знает-возможно ли както переделать стандартную пенную насадку на мойке интерскол?'
41,Жидкости-Автохимия,'ЛКП авто (полироли, уход и др.средства)',16.06.2013, 17:20,shtamt,'проще купи.'
41,Жидкости-Автохимия,'ЛКП авто (полироли, уход и др.средства)',17.06.2013, 08:13,grantowod,'shtamt, жалко 2500р,я мойку за 3700р взял.Да и переделал уже.Осталос шампунь купить.'
41,Жидкости-Автохимия,'ЛКП авто (полироли, уход и др.средства)',20.06.2013, 09:41,shtamt,'это оригинал, взял бы китайскую в районе 500р'
41,Жидкости-Автохимия,'ЛКП авто (полироли, уход и др.средства)',21.06.2013, 12:09,Algabas,'есть ссылка на китайскую?'
41,Жидкости-Автохимия,'ЛКП авто (полироли, уход и др.средства)',11.07.2013, 10:04,v1ad10,'3m 74,75,76 это пасты для полировки, последняя практически без абразива 77-защитная, поскольку машины в основном новые, защитная более актуальны, можно пройтись 76 а сверху защитной, кстати это линейка устаревшая, новая имеет другие номера и не забывайте что они рассчитаны на работу роторной машинкой, если нужно просто совместить очистку свежего ЛКП с удалением паутинки можно пройтись ручками с такой полиролью http://www.shop3m.com/60455052914.html и потом сверху покрыть защитной полиролью, из защит пользовался следующими: раньше использовал такую полироль, результат очень приятный, но держится не более 2х месяцев, сейчас только остаток на 1-2 раза остался http://www.meguiars.com/en/automotiv...ech-waxreg-20/ сейчас пользуюсь японской soft99, у них есть тоже полироли дающие максимальный блеск, но я выбрал 12 месячную защитную, хоть она и выдерживает максимум 6 мес. в наших условиях, но из недорогих полиролей она самая долговечная http://www.soft99.ru/catalog/poliroli-i-pokrutiya/491/ все опробовано на нескольких машинах(мазда мпв, лексус рх, на паре фв гольфов), на гранте пока еще не пробовал, как натру может фото выложу'
41,Жидкости-Автохимия,'ЛКП авто (полироли, уход и др.средства)',12.07.2013, 16:01,centurion201,'Поддерживаю. Помыл всего то один раз, и уже царапины от губки появились. Обидно, машине неделя(((('
41,Жидкости-Автохимия,'ЛКП авто (полироли, уход и др.средства)',12.07.2013, 18:23,rant,'Собрался губкой мыть с шампунем, а тут такое про губку пишут о_0 Если сначала всю грязь водой и обычной тряпкой убрать, а потом уже пройтись губкой с шампунем норм будет? ))'
41,Жидкости-Автохимия,'ЛКП авто (полироли, уход и др.средства)',12.07.2013, 18:47,feudor,'Купите щетку, ведь стоит совсем недорого.'
41,Жидкости-Автохимия,'ЛКП авто (полироли, уход и др.средства)',12.07.2013, 18:55,rant,'Какую щётку и что с ней делать? ))'
41,Жидкости-Автохимия,'ЛКП авто (полироли, уход и др.средства)',12.07.2013, 20:42,Algabas,'щетки для мойки авто в автомагазинах и супермаркетах! можно выбрать с мягким ворсом, чтоб не царапать лкп.'
41,Жидкости-Автохимия,'ЛКП авто (полироли, уход и др.средства)',13.07.2013, 14:40,feudor,'Вот одна из первых попавшихся'
41,Жидкости-Автохимия,'ЛКП авто (полироли, уход и др.средства)',13.07.2013, 16:47,Ю.ru,'Для новых машин шампуни есть - для новой краски. Надо смотреть на этикетке. Я свою новую таким мыл.'
41,Жидкости-Автохимия,'ЛКП авто (полироли, уход и др.средства)',13.07.2013, 17:23,rant,'По щёткам и шампуню понятно. Спасибо. Вот только непонятно на каком этапе задействовать щётку, когда машину намочишь то щёткой грязь сметать? Простите тёмного )))'
41,Жидкости-Автохимия,'ЛКП авто (полироли, уход и др.средства)',13.07.2013, 22:51,kll,'Я щетку использую так: сбиваю основную грязь аппаратом высокого давления, потом покрываю пеной (химией, название щас не вспомню, но беру у друга, торгующего оптом для проф.моек), смываю пену через некоторое время АВД, сушу искусственной замшей. Потом щеткой смахиваю брызги с ботинок ну а если вернуться к щетке, до приобретения АВД смачивал машину водой, потом растирал грязь обильно сверху поливая водой, причем пробовал разные варианты, вода из шланга сверху на щетку, или подключена к самой щетке.'
41,Жидкости-Автохимия,'ЛКП авто (полироли, уход и др.средства)',13.07.2013, 23:18,kin65,'С нашим ЛКП щетками только царапин можно наставить. Экономят, наверное, на лаке (у меня даже на Лифане китайском таких царапин не нахватаешь). Если мыть АВД то неплохая химия "Грасс" продают шампунь на заправках Торэко, если ручной шампунь, то Магвайерс Голд. Вручную мыть лучше "двухведерно" (в инете есть пояснения).'
41,Жидкости-Автохимия,'ЛКП авто (полироли, уход и др.средства)',17.07.2013, 10:57,petrovipv,'если нет желания переплачивать за всем известный бренд, то HUTER M - 165 PW. металлическая помпа, две насадки (красненькую насадку не использовать на лкп, давление высокое, я ее пользую для мойки дисков, подкрылки. диски как новые стали.), пеногенератор, давление 160 бар и всего за 5 005 р. взял себе в инет- магазине, есть и с меньшим давлением мойки этой фирмы, они еще дешевле. по работе нареканий нет.'
41,Жидкости-Автохимия,'ЛКП авто (полироли, уход и др.средства)',13.09.2013, 10:04,serbtula,'Помылись и полирнулись Turtle Wax Metallic.'
41,Жидкости-Автохимия,'ЛКП авто (полироли, уход и др.средства)',13.09.2013, 10:24,lis@ndrew,'http://www.spillcontainment.com/everdry вот интересная штуковина... http://embed.ted.com/talks/mark_shaw..._dry_demo.html видео реклама амеровской фичи'
41,Жидкости-Автохимия,'ЛКП авто (полироли, уход и др.средства)',17.09.2013, 10:21,Zetron,'а технологий мытья движка не поделитесь опытом на зиму хочу помыть'
41,Жидкости-Автохимия,'ЛКП авто (полироли, уход и др.средства)',14.10.2013, 20:50,ksawer,'Всем привет! Я как и все форумчанины обладаю автомобилем Granta 16кл. с ноября прошлого года. Как только я забрал машину сразу поехал и сделал тонирование задних стекол и сделал бронирование фар. Не понравилось мне только то что мне по фаре начали резать ножиком после поклейки и тогда я задумался о том чтобы сделать на гранту комплект защиты из полиуретановой пленки, делать так только лучшее т.к. мне делали винилом и после того как я откатал сезон фары были за терты (сегодня скину фото) (за поклейку фар я отдал 1000 рублей). Снял старую пленку. Сразу же наклеил новую пленку только полиуретан и уже вырезал на плоттере т.е. у меня была выкройка фар и противотуманок и подручки. Сегодня буду клеить пороги, стойки и багажник. Сейчас я предлагаю обсудить нужна ли такая защита? По поводу цены на выкройку: Пленка KPMF 1) Фары и ПТФ - 600 рублей 2) Багажник - 650 рублей 3) Под ручки 4шт. - 200 рублей 4) Пороги - 2000 рублей 5) Стойки - 1800 рублей. 6) Капот с подворотами - 3500 рублей'
41,Жидкости-Автохимия,'ЛКП авто (полироли, уход и др.средства)',14.10.2013, 21:43,Epidemic,'Вот это бред Винил не несет никакой технической защиты для оптики. Нужна. По крайней мере лишней не будет и уже достаточно давно применяется на импортных машинах, которые хоть чего-то да стоят. У меня на Королле порог, часть арок и кромки крыльев покрыты такой пленкой. Аналогично у друга на Астре.'
41,Жидкости-Автохимия,'ЛКП авто (полироли, уход и др.средства)',15.10.2013, 22:40,ksawer,'сегодня закончил примерять лекало крыши и капота. на днях буду клеить крышу, капот и стойки! потом выложу фото.'
41,Жидкости-Автохимия,'ЛКП авто (полироли, уход и др.средства)',17.11.2013, 23:13,джамал,'кто знает как можно зашитится от царапин на стеклах, под уплотнитель стекла заходит песок и там прилепает, при поднятии или опускании стекл происходит царапины'
41,Жидкости-Автохимия,'ЛКП авто (полироли, уход и др.средства)',18.11.2013, 14:57,serbtula,'джамал, меняйте бахотки на калиновские, или свои обклейте маделином'
41,Жидкости-Автохимия,'ЛКП авто (полироли, уход и др.средства)',18.11.2013, 20:46,pavlik44,'Подскажите пожалуйста как наносить жидкий воск Керхером,в гаражных условиях.'
41,Жидкости-Автохимия,'ЛКП авто (полироли, уход и др.средства)',18.11.2013, 23:11,джамал,'serbtula, спасибо попробую'
41,Жидкости-Автохимия,'ЛКП авто (полироли, уход и др.средства)',18.11.2013, 23:14,Algabas,'pavlik44, да есть спец состав для автомоек. я видел "Авлугу", к примеру. там после мойки разбавляешь в опред. пропорции и так же пеной его наносишь, а потом - смываешь.'
41,Жидкости-Автохимия,'ЛКП авто (полироли, уход и др.средства)',19.11.2013, 09:46,John_Po,'можно обклеить бархотки и не снимая карту двери, лично я так себе сделал спереди.'
41,Жидкости-Автохимия,'ЛКП авто (полироли, уход и др.средства)',20.11.2013, 13:51,vess,'По сути никак не защититься. Уплотнители от Калины тут не помогут, это я могу утверждать как владелец Калины. Стекла за 2,5 года эксплуатации открывал раз может 30-50 всего и один фиг подрало песком.'
41,Жидкости-Автохимия,'ЛКП авто (полироли, уход и др.средства)',19.12.2013, 17:52,Julia,'бесконтактная мойка с воском, красота.'
41,Жидкости-Автохимия,'ЛКП авто (полироли, уход и др.средства)',19.12.2013, 18:52,John_Po,'оптимальный выбор, больше ничего не надо...'
41,Жидкости-Автохимия,'ЛКП авто (полироли, уход и др.средства)',19.12.2013, 19:30,Epidemic,'Не понимаю этой услуги. Как-то заказал с воском, плеснули в ведерко какой-то хренотени, растерли и смыли. Какого-то эффекта не увидел, машина испачкалась так же, как и без воска. Деньги на ветер. Лучше раз в год полиролькой кузов самому покрыть.'
41,Жидкости-Автохимия,'ЛКП авто (полироли, уход и др.средства)',23.08.2014, 15:55,spamer56rus,'Народ подскажите в проблеме: проехался по лесу на рыбалку - лкп в царапинах от веток. Чем лучше устранять: полироль поможет? Или надо какой-нить восковой карандаш использовать? И еще порог бревном в траве замял и поцарапал( матерился очень...'
41,Жидкости-Автохимия,'ЛКП авто (полироли, уход и др.средства)',23.08.2014, 16:35,Tvin,'Это значит коряво сделали, горячий воск подаётся на поверхность автор пенником, а потом растирается тряпкой. После нормального воска есть эффект, и он виден невооруженным глазом.'
41,Жидкости-Автохимия,'ЛКП авто (полироли, уход и др.средства)',23.08.2014, 18:58,Oleg08,'У нас воском-пеной обливают, потом смывают, особо не растирают. Но эффект есть, пальцем воск чувствуется. Мне как-то облили концентратом, забыли разбавить, потом долго не могли смыть. Так машина полгода жирная была, как салом намазанная.'
41,Жидкости-Автохимия,'ЛКП авто (полироли, уход и др.средства)',18.10.2014, 17:54,Julia,'вообще без воска лучше...Если его плохо смывают, то машина выглядит как сказали, жиром намазанная. Люблю также жидкие полироли, все блестит и долго пыли нет....'
41,Жидкости-Автохимия,'ЛКП авто (полироли, уход и др.средства)',01.12.2014, 13:26,MECHANISM,'Всем привет! Пытался тут как-то из баллончика покрасить скол. Всё как водится, зачистка, грунт, краска... И лак. Вот с ним возникли проблемы. Кто хоть раз красил баллончиком - меня поймёт. Всё дело в том, что баллончик распыляет лак неравномерно, в центре густо, с краёв - пусто. И получается, что на каком-то участке тебе удалось добиться ровного слоя лака - а вокруг - матовое покрытие микроскопических капелек, как наждачная бумага. Попытка обклеивать место малярным скотчем - привела к тому, что получаются "ступеньки", границы. А это ещё хуже... Я вижу только два выхода, либо перекрашивать весь элемент, что невозможно нормально сделать в поле, либо полировка, с помощью губки и дрели. Поможет ли полировка избавится от мелких капелек, границ и пр?.. И если да - какое средство для этого нужно?..'
41,Жидкости-Автохимия,'ЛКП авто (полироли, уход и др.средства)',01.12.2014, 15:10,www-shurik,'Полировка снимает слой, но тут главное не перестараться. Можно очень быстро насквозь ЛКП до грунта протереть. Таоже так убирал точки - чначало было хорошо, но хотел сделать лучше и в итоге появились мраморные цвета от грунтовки. Полироль в виде пасты грубая и тонкая полировка (название уже не помню). И наждачка 2000 была перед полировкой. Надо где то потренироваться сначала. Я тренировался на 2108 и в итоге красил капот полностью и потом ещё раз шлифовал. Во второй раз получилось очень хорошо.'
41,Жидкости-Автохимия,'ЛКП авто (полироли, уход и др.средства)',18.12.2014, 10:30,tom,'Подскажите купил концентрат для стеклоомывателя зимний его обычной водой разбавлять или дистиллированной?'
41,Жидкости-Автохимия,'ЛКП авто (полироли, уход и др.средства)',18.12.2014, 10:44,MNTiger,'Дистиллированной, лучше в аптеке покупать. Перед использованием лучше прокипятить и кинуть 2-3 кристалика марганцовки для обеззараживания. Шутка Да конечно любой водой разбавляй, лишь бы только не грязная была, а то форсунки засорятся.'
41,Жидкости-Автохимия,'ЛКП авто (полироли, уход и др.средства)',18.12.2014, 10:46,tom,'Спасибо, просто слышал, что для машины покупали раньше воду дистиллированную, я думал как раз для этого.'
41,Жидкости-Автохимия,'ЛКП авто (полироли, уход и др.средства)',18.12.2014, 11:28,www-shurik,'У нас наконец то цвет гранта завезли в автомагазин. Думаю надо шприц прикупить. И пару сколов на переднем капоте словил, один скол на водительской двери - сколько не присматривался, не понятно, до грунта или до металла (хоть мультиметром проверяй). Но ржи нету (в принципе у нас соль никогда не сыпали, только щебень зимой).'
41,Жидкости-Автохимия,'ЛКП авто (полироли, уход и др.средства)',18.12.2014, 11:39,85metalist,'Для аккумулятора.'
41,Жидкости-Автохимия,'ЛКП авто (полироли, уход и др.средства)',18.12.2014, 12:23,tom,'Мне тоже на мойки предложили подарок обработка воском, что увидел не знаю от этого или нет, ручки стали более сальными по виду блестела лучше, и как нестранно грязь меньше цепляется. после обычного мытья испачкалась за одну поездку, а сейчас уже больше пяти дней чистая, уж не знаю из-за воска или нет'
41,Жидкости-Автохимия,'ЛКП авто (полироли, уход и др.средства)',20.12.2014, 18:52,Sancho48,'Тоже самое, какой раз замечаю и пыль не липнет и грязи поменьше, сейчас у нас погода осенняя дождь льет, вся обработка смылась теперь мыть когда подморозит.'
41,Жидкости-Автохимия,'ЛКП авто (полироли, уход и др.средства)',23.12.2014, 08:44,ILV,'мою сам минимойкой. шампунь с воском купил летом, разбавляю в ведре и мою губкой, мойкой смываю. чувствуется конечно что воск есть, вода стекает своеобразно, но надолго его конечно не хватает. для самоуспокоение сойдет!'
41,Жидкости-Автохимия,'ЛКП авто (полироли, уход и др.средства)',23.12.2014, 09:00,ЗуброМан,'воск нормальная тема и помогает хорошо от грязи.'
41,Жидкости-Автохимия,'ЛКП авто (полироли, уход и др.средства)',23.12.2014, 22:50,Alex_64,'Всю тему не осилил, если повторюсь извиняйте... Поделюсь своим опытом. Уже шесть лет в теплое время года за мойку денег не плачу, хотя мою каждую машину в среднем 1,5 раза в неделю, работает керхер (у меня он называется SHTIL RE107), в эту зиму и на работу портотехнику прикупили. Последние четыре года пользую воск, разные перебрал и горячий воск от керхера, жидкий воск разных производителей, последнее время восковой осушитель REIN - производная керхера, продется в их же магазинах. Разницы большой между составами не заметил, субъективно больше нравился горячий воск, но купить в мелкой таре больше не довелось, продают только 20л. канистрами, что мне явно много. Расход - трудно поверить, но литровой банки (200-300 руб )мне хватает почти на год! На предыдущей странице правильно написали про передоз - если перелить концентрата, то ЛКП становитсякак бы жирным, в радужных разводах, что не есть гуд. Я лью 7-10 гр. на бачок пенокомплекта или 5-7 гр. на1,5 литровый опрыскиватель. Раствор наношу сразу после смывания пены, три- пять минут перекур (автомобиль не должен стоять на солнце), смываю струей воды без напора и сушу замшей. После обработки вода на автомобиле собирается в крупные капли, но осушением я бы это не назвал, сушить обязательно нужно, иначе -пятна. Реально работать воск начинает не сразу, а после 5-8-й мойки, до этого момента он ИМХО заполняет микротрещины ЛКП. Зато потом автомобиль явно отличается от необработанного, ЛКП гладкое на ощупь, блеск явно присутствует, был в семье Ситроен красненький, в городе таких несколько, но свой я его явно из потока выделял - яркий и глубокий цвет был, сейчас в семье все автомобили белые и черные - такого явного цветового эффекта нет. Пишут, что пылится автомобиль меньше - не замечал, но вот грязь пристает меньше и не раз на мойках спрашивали, что с машиной делаю - грязь быстро отлетает. То что работать воск начинает работать не сразу уже написал, а после того как эффект появился, постепенно снижаю частоту обработки - воск использую через 2-3 мойки, если часить, то появляется радужка. Теперь про черный автомобиль - купил по случаю тартловскую коробочку из 4-х компонентов для черного авто - очиститель и полироль. - эффект обалденный! Правда использовал на Форде, там и ЛКП на порядок лучше, цвет глубже. На Гранте пока не пробовал, может на НГ сподоблюсь'
41,Жидкости-Автохимия,'ЛКП авто (полироли, уход и др.средства)',02.01.2015, 14:45,bombas,'Посоветуйте хорошую полироль для кузова)'
41,Жидкости-Автохимия,'ЛКП авто (полироли, уход и др.средства)',02.01.2015, 15:37,Олег64rus,'TurtleWax в желтой упаковке, использовал на предыдущих машинах, пришлось и на гранте летом тоже попробовать (царапки на двери). Эффектом доволен.'
41,Жидкости-Автохимия,'ЛКП авто (полироли, уход и др.средства)',28.04.2015, 22:45,Ильнар,'Пользуюсь влажными восками типа сапфир или тритон. Дешево и сердито, люблю черные авто и что бы блестели. Даже в том году навес перед гаражом собрал для спокойной мойки в тени. А другие полироли после высыхания подолгу натирать приходится. С влажными проще.'
41,Жидкости-Автохимия,'ЛКП авто (полироли, уход и др.средства)',28.04.2015, 23:26,haulier17,'А мне Тритон не понравился .'
41,Жидкости-Автохимия,'ЛКП авто (полироли, уход и др.средства)',13.07.2015, 18:54,phantom2007,'Подскажите, щетки для мытья кузова от Airline не царапают лкп? можно брать?'
41,Жидкости-Автохимия,'ЛКП авто (полироли, уход и др.средства)',14.07.2015, 07:19,zver,'Бери с распушенной щетиной. Производитель в принципе не имеет значения. 90% их выпущено на одном и том же заводе'
41,Жидкости-Автохимия,'ЛКП авто (полироли, уход и др.средства)',14.07.2015, 20:54,phantom2007,'Про щетину я в курсе. Хотел перестраховаться, т.к. новую машину никогда не мыл.'
41,Жидкости-Автохимия,'ЛКП авто (полироли, уход и др.средства)',20.07.2015, 18:48,Algabas,'В Юлмарте появилась активная пена, шампуни и воски (холодный и горячий) от Grass. Взял себе по акции наношампунь и горячий воск. Еще не пробовал. Удобно, что в маленьких тарах на пробу. Если качество устроит, можно брать и 1 л или 5 л.'
41,Жидкости-Автохимия,'ЛКП авто (полироли, уход и др.средства)',21.07.2015, 09:52,Uninstaller13,'phantom2007 как бережно ее не мой все равно через год вся в мелких царапках будет) так что не загоняйся'
41,Жидкости-Автохимия,'ЛКП авто (полироли, уход и др.средства)',21.07.2015, 10:00,ЗуброМан,'В Волжском делают ,возил от них раньше автошампунь по городам ,так себе кач-во не очень.'
41,Жидкости-Автохимия,'ЛКП авто (полироли, уход и др.средства)',21.07.2015, 11:25,BVM2011,'А вообще как лучше убрать царапины до грунта? Рецептов много. Склоняюсь к карандашу с краской. Пробовал кисточкой и зубочисткой, размазал по царапине, блямбы вышли, тут моя ошибка, надо было отполировать местно и лаком покрыть. Зато грунт белый уже не видно. Ещё на крыше 4-6 царапин по 10-30 см (( Вот так я снег полметровый убирал, а в лопате саморез торчал (('
41,Жидкости-Автохимия,'ЛКП авто (полироли, уход и др.средства)',29.07.2015, 13:10,tom,'Подскажите купил на днях силиконовую смазку FILL Inn FL025, но она как выяснилась с растворителем как на ней написано "Бережно смазывает трущиеся части механизмов, резиновые уплотнители, провода, клеммы аккумулятора. Устраняет неприятные скрипы. Профессиональная концентрированная формула продукта, в состав которой включен растворитель, быстро проникает под загрязнения и образует на поверхности сплошной полимерный слой силикона. Благодаря этому, средство придает поверхности водоотталкивающие свойства в широком интервале рабочих температур. Не вымывается водой. Помогает избежать примерзания и растрескивания резиновых уплотнителей дверей, капота и багажника в условиях отрицательных температур. Предотвращает замерзание замков. Надежно предохраняет систему зажигания от попадания воды. Прекрасно подходит для металлических, виниловых, кожаных, резиновых, пластиковых и деревянных поверхностей, а также для использования в быту для смазки замков, петель, деталей колясок и велосипедов. " я её приобрёл, чтоб смазать уплотнитель дверей, а теперь думаю краску с двери он не съест??? всё же с растворителем.... или не стоит пользоваться?'
41,Жидкости-Автохимия,'ЛКП авто (полироли, уход и др.средства)',30.07.2015, 23:43,doctornig,'По идее не должен. А так лучше смазывать силиконовой смазкой для резиновых уплотнителей Vmpauto 2101.'
41,Жидкости-Автохимия,'ЛКП авто (полироли, уход и др.средства)',04.08.2015, 09:45,mish-ya75,'я им письмо писал, с таким же вопросом, ответили что таких жалоб за всю историю к ним не поступало'
41,Жидкости-Автохимия,'ЛКП авто (полироли, уход и др.средства)',17.12.2015, 16:23,ИГОРЬЗ,'Появились мелкие белые точки краски на всей машине. Видимо подцепил я их, когда проезжал мимо товарищей, красивших пешеходный переход. Кто подскажет как их отмыть, или всё таки полировать теперь придётся. Мыл машину на бесконтактной мойке, ничего не отмылось.'
41,Жидкости-Автохимия,'ЛКП авто (полироли, уход и др.средства)',17.12.2015, 17:26,H.A.J.,'меня черепашка с тефлоном впечатлила, авто становится скользким (тряпку бросашь на капот, а она как по льду слетает) и достаточно блестящим, на темном авто и на солнышке эффект очень даж заметен ...'
41,Жидкости-Автохимия,'ЛКП авто (полироли, уход и др.средства)',17.12.2015, 22:41,Epidemic,'Средство для очистки битумных пятен, на худой конец уайт спирит, но после него обезжирить нужно будет кузов, иначе весь в пятнах масляных будет.'
41,Жидкости-Автохимия,'ЛКП авто (полироли, уход и др.средства)',20.12.2015, 20:33,ИГОРЬЗ,'Спасибо, попробую.'
41,Жидкости-Автохимия,'ЛКП авто (полироли, уход и др.средства)',21.12.2015, 23:35,Kolya85,'какая с тефлоном? https://f-a.d-cd.net/cb59d0cs-960.jpg? - все хвалят - но от паутинок на черной она не спасает + белые остатки видны. хочу попробовать такую http://shatun-ufa.ru/IMG/CTLG/16833.jpg так как машина черная. эх кризис. а вообще можно забить на полироль и мыть этим https://h-a.d-cd.net/e604ba4s-960.jpg - реально есть эффект и капли еще лучше скатываются. один + полироли- то что пока трешь- отмываешь пятна на кузове'
41,Жидкости-Автохимия,'ЛКП авто (полироли, уход и др.средства)',22.12.2015, 09:43,Бобер,'все эти полироли (с полифлоном, с тефлоном, с жиром барсука, и т.д.) просто наведение глянца, и чуть водоотталкивающих свойств (несколько моек и эффект снижается). для удаления (именно удаления, а не маскировки) разного рода царапин требуется абразивная обработка. Но к этому надо прийти. Работа с проф.полиролями требует определенных навыков, и для начала нужно начинать с ручной полировки. Мех.способ я бы не рекомендовал. Сам не маляр, но с 3М полиролями освоился достаточно быстро. Они разной степени абразивности, поэтому надо для начала взять по чуть-чуть и посмотреть как они работают. Для удаления "паутины" нужна самая мелкая, она же для удаления эффекта голограммы. По-моему трехтысячная. Но если царапины более крупные, то нужно начинать с более грубых и шага за 3 (переходя к более мелкой фракции) обработки получить нужный эффект. Для примера результат на Мондео'
41,Жидкости-Автохимия,'ЛКП авто (полироли, уход и др.средства)',31.01.2016, 22:17,Алекс123,'парни, посоветуйте полироль ручного нанесения?'
41,Жидкости-Автохимия,'ЛКП авто (полироли, уход и др.средства)',31.01.2016, 23:07,bokareff,'Я черепашкой пользовался, Добавлено через 21 секунду Turtle Wax'
41,Жидкости-Автохимия,'ЛКП авто (полироли, уход и др.средства)',06.04.2016, 13:29,TOXA_163,'Привет всем! Может кто знает. Хочу прикупить эмаль в цвет кузова, сколы замазывать. Есть такое, или всё же только вариант: краска+лак ?'
41,Жидкости-Автохимия,'ЛКП авто (полироли, уход и др.средства)',06.04.2016, 16:08,bokareff,'TOXA_163, так в чем проблема, ремонтная эмаль во флакончике с кисточкой продается Добавлено через 49 секунд Естественно она однокомпонентная Добавлено через 2 минуты Хотя лак тоже в такой таре найти можно'
41,Жидкости-Автохимия,'ЛКП авто (полироли, уход и др.средства)',06.04.2016, 22:12,Algabas,'стоит она свои 330р.?'
41,Жидкости-Автохимия,'ЛКП авто (полироли, уход и др.средства)',06.04.2016, 22:15,ЗуброМан,'По мне нет.'
41,Жидкости-Автохимия,'ЛКП авто (полироли, уход и др.средства)',07.04.2016, 07:07,BVM2011,'Если в комплекте с мойщицей...'
41,Жидкости-Автохимия,'ЛКП авто (полироли, уход и др.средства)',07.04.2016, 08:30,TOXA_163,'В том то и прикол, что только краска попадалась. Надо лак поискать...'
41,Жидкости-Автохимия,'ЛКП авто (полироли, уход и др.средства)',05.04.2017, 23:01,dilet,'Лак держаться не будет, для него надо хорошо подготовить поверхность. Лучше просто краской замазать хоть ржаветь не будет, а потом авто поменять, зато не в дырочку, а вкрапинку. Ну или перекрасить когда надоест и опять плюс варить не придется. А вообще сколы удаляют, но это геморно и долго. Проще забить и подкрасить ремонтной краской скол, можно пару тройку раз, а когда высохнет хорошо, лишнее соскоблить и полирнуть.'
41,Жидкости-Автохимия,'ЛКП авто (полироли, уход и др.средства)',13.08.2019, 16:55,vsvs,'Народ, в каком инет-магазине можно купить краску для подкраски сколов с кисточкой цвет 618 "техно"? Облазил весь гугль, нашел только тут - https://podkraska.ru/catalog/search, но цена - конь. С доставкой по почте 20мл будет стоить 600 руб.'
41,Жидкости-Автохимия,'ЛКП авто (полироли, уход и др.средства)',13.08.2019, 18:46,85metalist,'https://autostol63.ru/avtoemal/avtoe...veta-lada.html Я здесь на Датсун брал.'
41,Жидкости-Автохимия,'ЛКП авто (полироли, уход и др.средства)',17.10.2019, 09:27,yurii121,'двор лесной- и рябина, и лиственница, и берёза,+ дача, после лета после мойки остались капли смолы( много), мойщик сказал-купи хорошую жидкость, в магазах знают, хе-хе, в 2-х магазах дают только антигудрон, больше ничего не знают, пля, кто сталкивался с этой гадостью, и чем её смыть?'
41,Жидкости-Автохимия,'ЛКП авто (полироли, уход и др.средства)',17.10.2019, 09:30,IvanCo,'Обезжиркой.'
41,Жидкости-Автохимия,'ЛКП авто (полироли, уход и др.средства)',18.10.2019, 09:54,yurii121,'обезжирки много-любая пойдёт? знакомый сказал: только керосином!?'
41,Жидкости-Автохимия,'ЛКП авто (полироли, уход и др.средства)',18.10.2019, 09:57,IvanCo,'именно обезжирка, которая в малярке используется, он же очиститель силикона. она точно ЛКП ничего не сделает. Можно попробовать очиститель кузова от ProFoam.'
41,Жидкости-Автохимия,'ЛКП авто (полироли, уход и др.средства)',18.10.2019, 11:52,EKLS,'Бензин Калоша'
41,Жидкости-Автохимия,'Полироль для фар',28.01.2015, 21:23,Twofeed,'Доброго времени суток, уважаемые форумчане! Купил Runway полироль фар Headlight restore cream и Элстранс антидождь. Хочу заполировать фары и сверху антидождем что бы в плохую погоду свет пропадал не после второй встречки, а хотя бы до четвертой держался Кто что думает по этому поводу? Также интересно сколько антидождь держится на зеркалах?'
41,Жидкости-Автохимия,'Полироль для фар',11.04.2015, 01:59,genbukin,'Не советую я антидождь. Радужные разводы будут ночью в свете фар.'
41,Жидкости-Автохимия,'Полироль для фар',11.04.2015, 09:06,www-shurik,'Я восковой палиролью (для кузова, бесцветной) намазал стекло и фары. Как бы вода хорошо отскакивает, но дворники по воску не могут снять воду качественно - остаётся какой то туманно-капельный след. В итоге со стекла убрал, а на фарах оставил. Фары у меня ещё идеально выглядят, но несколько царапок есть, пробовал палиролью для кузова (ЗМ) их потереть - но там надо долго и руками (чтоб не перегреть), царапки глубоковатые.'
41,Жидкости-Автохимия,'Полироль для фар',11.04.2015, 17:49,zver,'Лучше не пытайся облегчить этим жизнь'
41,Жидкости-Автохимия,'Полироль для фар',11.04.2015, 17:58,H.A.J.,'Фары закатал "броней", теперб в любое время, любой грязной тряпкой, лопухом можно протереть ))) ... Анти дождь пробовал, особого эффекта на фарах не заметил, в дождь может и хорошо, а когда мелкий грязный "туман" за фурой, - липнет так же ...'
41,Жидкости-Автохимия,'Полироль для фар',15.09.2015, 14:59,Alexandr 1,'Эффекта нет.'
41,Жидкости-Автохимия,'Полироль для фар',23.09.2015, 14:42,Twofeed,'Извиняюсь что так вовремя отписываюсь. Полироль - лажа безпонтовая, а антидождь весчь хорошая, но подходит счастливым обладателям гаражей ибо требует время для высыхания'
41,Жидкости-Автохимия,'Полироль для фар',23.09.2015, 18:43,Kolya85,'фары хорошо отмывает восковая полироль и вреда нет и блестят, а специальую полироль для фар не пробовал'
