Code,Folder,Theme,Message
12,Двигатель_система_охлаждения,'Розовый антифриз Coolstream A-110 вместо зеленого',10.12.2020 10:13,pen,' Kia и Hyundai сменили цвет антифриза Как выяснил "За рулем", новый розовый антифриз — жидкость с улучшенной формулой присадок. Выпуск антифриза Coolstream A-110 зеленого цвета, предназначавшегося для автомобилей Hyundai и Kia, прекращен. Теперь автопроизводители рекомендуют заливать в системы охлаждения антифриз Coolstream A-110 розового цвета. Концентрат охлаждающей жидкости (антифриз) "Crown LLC A-110" одобрен по спецификации Hyundai-KIA Motors MS591–08 и соответствует требованиям стандарта KS M 2142, используется как для первоначальной заправки в систему охлаждения автомобилей Hyundai и KIA, так и во время проведения технического обслуживания на официальных дилерских предприятиях. Использовать антифриз розового цвета на всех автомобильных заводах Hyundai-KIA стали с августа текущего года. На автозаводе "Хендэ Мотор Мануфактуринг Рус" - с ноября. Спецификация антифриза не изменилась: MS591–08 и соответствует требованиям стандарта KS M 2142. Таким образом, допускается смешивание розового и зеленого антифриза, так как они имеют одну и ту же спецификацию. Суперконцентрат нового антифриза Crown LLC A-110 производится не в России, а импортируется из других стран. Антифризы других брендов сейчас официального допуска для автомобилей Hyundai и Kia не имеют. Владельцам машин Kia и Hyundai до 2020 года выпуска рекомендуется заменить старый зеленый антифриз на новый розовый во время очередной плановой замены жидкости. '
12,Двигатель_система_охлаждения,'Розовый антифриз Coolstream A-110 вместо зеленого',10.12.2020 10:54,аdmin,' @pen, перенес в подходящую тему. Журналисты прикрутили громкий заголовок к довольно рядовой новости о смене цвета жидкости у одного из производителей антрифиза. И понеслась волна по интернету. '
12,Двигатель_система_охлаждения,'Розовый антифриз Coolstream A-110 вместо зеленого',10.12.2020 12:11,pen,' нет никакого заголовка. просто народ различает жидкости в массе своей - по цвету. а тут ваще черт разберет потом)) оказ и мешать их разрешили...вот там серобуромалиновое будет. смешно. '
12,Двигатель_система_охлаждения,'Розовый антифриз Coolstream A-110 вместо зеленого',10.12.2020 12:15,аdmin,' Да нет проблем, выделил в отдельную "розовую" тему. И заодно добавлю оригинальную новость от производителя, которую журналисты пересказывают своими словами: Источник: ссылка '
12,Двигатель_система_охлаждения,'Розовый антифриз Coolstream A-110 вместо зеленого',10.12.2020 16:50,Антонио164,' Интересно, кто занес ЗР, Кулстрим или дилеры? А скорей всего скинулись... Все хотят кушать.)) '
12,Двигатель_система_охлаждения,'Розовый антифриз Coolstream A-110 вместо зеленого',10.12.2020 19:11,Roman1975,' Так теперь выясняется что данное утверждение - обман. Автопроизводитель тут оказывается ни при делах, это оказывается некая контора производитель антифриза раздает указания как правильно эксплуатировать чужую продукцию (автомобиль), чего там правильно в нем мешать, менять и т.п. '
12,Двигатель_система_охлаждения,'Розовый антифриз Coolstream A-110 вместо зеленого',10.12.2020 20:33,Димася,' запасов "зелёного" на наших складах и магазинах хватит ещё на пару лет. Кроме того цена Кулстрим сильно нынче кусается, и уже давно можно использовать заменители как минимум не хуже Кулстрима......... это для особо впечатлительных .......... это получится при замене/сливе самотёком придёт время замены, сменю, но подумаю на что менять, и скорее всего выбор будет не в пользу Кулстрима '
12,Двигатель_система_охлаждения,'Розовый антифриз Coolstream A-110 вместо зеленого',10.12.2020 21:15,Roman1975,' Очередной шахер-махер, подмена понятий. Где достоверная инфа, что на заводе льют антифриз именно Coolstream A-110 от АО "ТЕХНОФОРМ" ? Согласен, что это подходящий антифриз, но это не дает права "Техноформу" голосновно обзывать его оригинальным, пусть сначала предоставят инфу, что завод под Питером закупает у них именно этот антифриз и льет на конвейере. Есть и куча других антифризов, кои движку Киа Рио подойдут запросто, не космический корабль. '
12,Двигатель_система_охлаждения,'Розовый антифриз Coolstream A-110 вместо зеленого',10.12.2020 21:21,Мав,' Если не трудно, черкните варианты. А то я как раз собрался покупать Кулстрим). Правда цены еще не изучал. '
12,Двигатель_система_охлаждения,'Розовый антифриз Coolstream A-110 вместо зеленого',10.12.2020 21:41,Димася,' Есть вот такая инфа, судить и делать выводы о правомерности будет каждый сам "Вопрос выбора антифриза всегда был одним из обсуждаемых, как выбор того же масла для двигателя например. Но нигде нет нормального точного описания, что залито с завода. Что лучше, какой марки и какой спецификации. Одна болтовня, и что не менее важно, очень много совершенно не правильных советов. Таких например как: "Смешивать можно по цветам. Зеленый с зеленым, красный с красным…", "G11 — это зеленый или синий, G12 — красный или желтый, G13 — фиолетовый…". Да и вообще, такое ощущение, что кроме Shell GlycoShell никто больше ничего и не знает. И этот самый Shell GlycoShell как универсальное средство. Не знаешь что лить? Лей Shell GlycoShell! Дальше будет очень много текста и мыслей. Любителям фоток, я бы рекомендовал закрыть страницу и перейти к просмотру "комиксов". А тем, кто любит почитать, пообщаться или не согласиться с моей точкой зрения, найдет ошибки или заблуждения, я буду рад ответить в комментариях в конце записи. Итак, мы имеем все тот же мотор Сида, который кочует с модели на модель, подвергаясь лишь небольшим изменениям. Следовательно антифриз для всех для нас один и тот же, будь то у нас Ceed ED, FL, JD. В одном интересном документике я выяснил, что OEM антифриз Киа имеет каталожные номера: 0710000200, 0710000400. Различия между ними лишь в том, что первый имеет тару в 2 литра и температуру замерзания в -52 градуса, а второй 4 литра и -35. А что конкретно залито в этой канистре? На этот вопрос я так и не смог найти точный ответ. В мануале и сервисной книге из рекомендуемых к заливке числятся лишь "смесь антифриза и воды" и что-то на основе этиленгликоля, совместимым с алюминием и медью, не содержащим боратов, фосфатов, аминов и силикатов, а также Shell Premium antifreeze concentrate. Снова этот Шелл. Зачем нам впаривают то, чего никогда не может быть залито в систему на конвейере корейского автопроизводителя? Из документации к автомобилю, следует следующее: производитель не дает ничего определенного, лишь предостерегает, а что лить, мол решайте сами. Звонок ОД поставил вообще в тупик. Такое ощущение, что этим ребятам вообще по барабану, что, куда, кто и как льет. Это если речь идет о самом ОД. А вот если вы сами зальете что-то не то, то они тут же и с радостью констатируют, что они вас снимают с гарантии. Тут уж без экспертизы не обойтись. Причем, у разных ОД, показания к заливке сильно разнятся. Каждый советует что-то свое и ни один не заливает OEM жидкость. Немного полазив по форумам нашел еще одну OEM жидкость. R9000AC001K — якобы именно это заливают в "русские" Солярисы и Рио на конвейере. А кому-то даже смогли продать у ОД. Читаем описание… Всплывает еще одно его название: Crown LLC A-110, а также спецификации: Hyundai/Kia MS 591-08 и JIS K 2234. Наконец-то! Это уже что-то. Читаем дальше. Из текста следует, что якобы эту жидкость заливают на конвейере в Питере, что сделана она из какого-то корейского суперконцентрата AC-110, а также, что срок ее хранения 2 года! Никак ни 8 или 10 лет эксплуатации. На той же этикетке написан ТУ 2422-001-13331543-2004 и название производителя ОАО "ТЕХНОФОРМ". Информации все больше и больше. Давайте теперь попробуем собрать все воедино. 1. OEM жидкости имеют номера: 0710000200, 0710000400 и R9000AC001K. К слову говоря я нашел и еще один номер оригинального антифриза. Его номер: 00232-19010. Но это тоже самое что и первые два, только для американского рынка. Даже тара в галлонах. Можно ли купить в России? Да. 2. Еще мы знаем, что оригинальный антифриз называется Long Life Coolant, его российский аналог Crown LLC A-110 (R9000AC001K). 3. У нас появились в руках спецификации. А именно MS 591-08 и JIS K 2234. 4. Из этикетки российского аналога мы узнали ТУ и название производителя. (фото1:Тот же оригинал, только для Америки) Я думаю вы догадались, что все это найдено с помощью поисковика. Причем искать начал я очень давно, когда еще купил ФЛ в 2011 году. Но найти всю информацию, собрать и наконец-то понять, смог только сейчас. Лезем дальше в поисковик… На сайте ОАО "ТЕХНОФОРМ" я понял, что то что льют в банки с номером R9000AC001K — это ни что иное как Антифриз CoolStream Premium. Производитель так и хвалится у себя на странице, что он поставляет свою продукцию на конвейры таких производителей как Ford, Volvo, GM Auto, Hyundai, PSA Peugeot Citroёn, Renault, ИЖ-АВТО (KIA), Sollers (FIAT), Komatsu. Вот только вспомнился мне опыт использования этой продукции на моем ВАЗ 2114. Где с завода был залит CoolStream Standard. Через пол года он почему-то стал рыжего цвета. Нет, я не хочу ни на кого наговаривать. Но этот опыт в моей жизни был. Еще немного покапав эту ветку, узнал, что CoolStream Premium изготавливается из суперконцентрата Havoline XLB (Артеко, Бельгия) по тому же самому (указанному на банке R9000AC001K) ТУ 2422-001-13331543-2004 и является ребрендом (точной копией) антифриза Havoline XLС. Хорошо это или плохо, я не стал разбираться. Решил, что R9000AC001K мне не подходит и не нравится. А не нравится лишь тем, что произведен у нас в России. CoolStream Premium Самое основное, что мы до сих пор не узнали, это к какими спецификациями по VAG (G11, 12, 12+…), обладает наш OEM антифриз. Нигде они пока не встречались. Спецификации MS 591-08 и JIS K 2234 никак не параллелятся с VAG. Хотя кое-где промелькнули G12 и G12+. Но нужно знать точно. Ищем. Я решил вернуться в начало и снова оттолкнуться от 0710000200 и 0710000400. Но все где бы я не смотрел, сводилось к словосочетанию гибридный или высококачественный оригинальный антифриз зеленого цвета, разработанный специально на основе инженерных спецификаций компании Hyundai Motor Corp. Единственный антифриз на рынке, имеющий официальный допуск компании Hyundai Motor Corp. Полная совместимость с материалами системы охлаждения автомобиля. Ключевыми я выделяю здесь фразы: "разработанный специально на основе инженерных спецификаций компании Hyundai Motor Corp" и "единственный антифриз на рынке, имеющий официальный допуск компании Hyundai Motor Corp". Т.е. присуща какая-то уникальность, отличающая от общепринятых классификаций. И вот именно это меня смущает больше всего. Уж очень не хочется лить ничего другого, что не попадает под спецификации корейцев. Спустя некоторое время и гору прочитанного материала из разных источников, я вспомнил о одном хорошем сайте ".........."— это, если сказать простым языком, магазин OEM смазочных материалов. Чем он примечателен? Зайдите и посмотрите. Мне же этот сайт вспомнился тем, что при запросе какого-то товара, часто предлагаются заменители/аналоги. Тут-то я и нашел RAVENOL HJC Hybrid Japanese Coolant(фото 2). RAVENOL HJC Hybrid Japanese Coolant — это и есть тот самый, попадающий под спецификации Hyundai. И да же больше. В списке спецификаций прямо указаны OEM номера 0710000200 и 0710000400. Вот посмотрите: Ford Motorcraft Specialty Green Engine Coolant, FORD VC-10-A2, HYUNDAI 00232-19010, HYUNDAI 07100-00200, HYUNDAI 07100-00400, MAZDA 000077508E20, MAZDA C100CL005A4X, MAZDA C122CL005A4X, MAZDA FL22 Coolant, NISSAN 08CLAG010S0, NISSAN Antifreeze Coolant (L250, NISSAN KE 90299934, NISSAN KE 90299944. Плюс выполняет специфические требования японских автопроизводителей и имеет зеленый цвет. Ну что же, давайте попробуем подвести итоги. 1. Так к какому же классу относится наш антифриз, если рассматривать его по VAG? Исходя из того, что заливаемый на заводе под Питером R9000AC001K (Crown LLC A-110) это и есть CoolStream Premium от ОАО "Техноформ" и они имеют один и тот же ТУ (ТУ 2422-001-13331543-2004 ), а в техническом описании CoolStream Premium прямо написано, что он имеет спецификацию VAG G12, G12+, то вот собственно и ответ на наш вопрос. 2. G12, G12+ — они же карбоксилатные антифризы. Содержат ингибиторы коррозии на основе органических (карбоновых) кислот. В иностранной литературе обозначаются как "Carboxilate coolants", OAT (Organic Acid Technology). Карбоксилатные ингибиторы не образуют защитного слоя по всей поверхности системы, адсорбируются лишь в местах (очагах) возникновения коррозии с образованием защитных слоев толщиной не более 0,1 микрона. Карбоксилатный антифриз имеет больший срок службы (более 5 лет, против 3-5 лет у гибридного и 2 лет у традиционного) и лучше защищает металлы от коррозии и кавитации, что обеспечивает оптимальное охлаждение двигателя. В техническом описании CoolStream Premium написано, что он работает 250 000 км. (2000 часов) в легковых автомобилях. 2000 часов — это 83 суток непрерывной работы. В документации к автомобилю, производитель пишет замену антифриза проводить на 120 000 км. или спустя 8 лет. Проанализировав тех. документацию и общие характеристики G12 и G12+, можно сделать вывод, что антифриз может ходить более 5 лет. Но мне думается, что это в идеальных условиях, к которым эксплуатация в России, а в частности в Москве, никак не относится. Мне кажется самым оптимальным будет 2-3 года. Я опираюсь все же на минимальный срок, указанный в тех документации к CoolStream Premium. 83 дня на самом деле не так много, учитывая многочасовое стояние в пробках и выработку моточасов. Кстати, в документации к Солярису, где залит аналог все того же CoolStream Premium, замена антифриза также запланирована на 120 000 км. 3. Подведем итог антифризов, которые точно можно заливать в наши системы охлаждения: 0710000200 — оригинал 0710000400 — оригинал R9000AC001K — оригинал CoolStream Premium — аналог R9000AC001K RAVENOL HJC Hybrid Japanese Coolant Concentrate — аналог 0710000200 RAVENOL HJC Hybrid Japanese Coolant Premix — аналог 0710000400 4. Я бы настоятельно не рекомендовал бы смешивать антифризы классов G11 с G12. Смешивать можно антифризы одного типа. Смешение антифризов разных типов не рекомендуется, так как это разбалансирует пакеты присадок. Можно ли заменить G12 на G11? Да, можно, но только с промывкой системы. ......" '
12,Двигатель_система_охлаждения,'Розовый антифриз Coolstream A-110 вместо зеленого',10.12.2020 21:48,Димася,' для своих естессно не сложно Проверенные cмотрим в# 480 и #483 тут:Охлаждающая жидкость на Kia Rio New (сообщение 496295) '
12,Двигатель_система_охлаждения,'Розовый антифриз Coolstream A-110 вместо зеленого',10.12.2020 21:54,Roman1975,' Не подскажу, на этой теме я не "помешан", езжу пока на заводском, литрушку за пять лет долил какого-то зеленого, G-12 вроде на F буковку наклейка банки была, Феликс что-ли, точного названия не помню. (кстати свершил сие "хулиганство" в нарушение инструкции, что при отсутствии течи надо доливать воду , а я вот антифризом добавлял) Машину продавать собрался, не знаю, менять ли антифриз и масло в коробасе, или пусть это сделает следующий владелец. Так -то уже заменить следует наверное, по моему разумению, пробег чет около 75 т.км. И тормозуху я пока не менял, но тормозит как и с новья, короче :"пыли в инете надуть себе можно много в уши, вплоть до забивания мозга" Это по моторному маслу я "помешан" и считаю, что менять его надо 5-7,5 т.км., не особо заморачиваясь на марку, вязкость, тесты от оилклаба, блоггеров и иное. (в разумных пределах конечно) Считаю, что финансово это оправдано, а движок улыбаться только будет. '
12,Двигатель_система_охлаждения,'Розовый антифриз Coolstream A-110 вместо зеленого',10.12.2020 22:05,Мав,' Сенькью Вэри Мач! '
12,Двигатель_система_охлаждения,'Антифриз',22.06.2018 16:45,Xan,' Какой антифриз льют с завода? R9000AC001K - "Crown LLC A-110", 1л Он или для 4 поколения что-то ещё сделали? '
12,Двигатель_система_охлаждения,'Антифриз',17.11.2018 20:10,дакота,' тоже интересно! подливать, как я понял, только дистиллированную? и где метки на расширительном? полосок дофига, а где какая, буков не вижу! '
12,Двигатель_система_охлаждения,'Антифриз',18.11.2018 14:51,Владимир Фурасов,' Тоже интересен вопрос с антифризом. Машине 6 лет, не думаю что до меня владелец менял его) Вообще думаю, что лучше будет просто поменять его а не доливать. '
12,Двигатель_система_охлаждения,'Антифриз',18.11.2018 15:21,_Евгений__,' я менял в сентябре как купил с пробегом 50т. родной слишком завышен ценник.купил японский акира на много дешевле обошлось готовый купил 6 литров, осталось почти литр)) пометки сейчас вроде по середине. там две метки минимум и максимум, и вообще это расширительный бачок, он играет роль как я понял, типа как в частных домах, но я не увидел куда он уходит если мало будет в системе, когда много это понятно через крышку,клапан открывает и выбрасывает, а вот когда будет мало, я не совсем понял как он его забирает. '
12,Двигатель_система_охлаждения,'Антифриз',18.11.2018 15:42,дакота,' высветил метки наконец! со стороны салона на бачке здоровенная буква F , ее видно если светить сбоку. от нее идет полоса по бачку. ниже см на 4 есть идентичная, она показывает минимум. ну у меня где-то ниже середины на холодную. '
12,Двигатель_система_охлаждения,'Антифриз',18.11.2018 16:56,Димася,' этот раздел о КИА РИО 17-18 годов это аксиома: купил б/у-поменял жидкости, чтоб не париться что там бултыхается '
12,Двигатель_система_охлаждения,'Антифриз',18.11.2018 16:56,дмитрио,' Отписывался в соответствующей теме.заливал кулстрим.за 5л что то около рубля. '
12,Двигатель_система_охлаждения,'Антифриз',18.11.2018 21:10,дакота,' вот что нарыл: '
12,Двигатель_система_охлаждения,'Антифриз',18.11.2018 21:28,greh211,' Катаю равенол...всё гуд.беру 2 по 1.5+ 2 по 1.5 дисцилированной воды. '
12,Двигатель_система_охлаждения,'Антифриз',18.11.2018 21:40,дакота,' опа! я ссылку оставлял, так нельзя? надо страницу копировать полностью? и название сайта тоже низзя упоминать? '
12,Двигатель_система_охлаждения,'Антифриз',18.11.2018 22:05,greh211,' можно..но ссылки на многие сайты модер удаляет((( То что получилось так,даже более познавательно... '
12,Двигатель_система_охлаждения,'Антифриз',18.11.2018 23:21,Димася,' а у нас это уже дааавно нарыто: Охлаждающая жидкость на Kia Rio New (сообщение 444) '
12,Двигатель_система_охлаждения,'Антифриз',19.11.2018 08:42,Roman1975,' Ага, лучше поменять. Вместе с машиной. '
12,Двигатель_система_охлаждения,'Антифриз',19.11.2018 10:52,ссе,' И владельцем... '
12,Двигатель_система_охлаждения,'Антифриз',02.12.2018 22:11,Храм,' Здравствуйте. У меня уровень антифриза на холодную между минимум и серединой, на горячую по середине, это норм? Авто Рио-4, 1.4 Автомат. 2018г. '
12,Двигатель_система_охлаждения,'Антифриз',02.12.2018 22:15,Димася,' уровень должен быть между отметками min и max. В вашем случае как раз так, т.ч. '
12,Двигатель_система_охлаждения,'Антифриз',02.12.2018 22:26,дмитрио,' @Храм, долей пол стакана воды и будет макс. '
12,Двигатель_система_охлаждения,'Антифриз',02.12.2018 22:35,дакота,' если уровень на горячую находится между мин и мах - фиг с ним, можно и не доливать. если нет - делайте так: двиг горячий, до отметки мах не хватает ...сантиметра. ждете, когда двигатель остынет и поднимаете (доливаете) уровень именно на эту высоту. '
12,Двигатель_система_охлаждения,'Антифриз',04.12.2018 20:03,Roman1975,' Да че там вообще парится. Этот бачек просто корыто для компенсации объема ОЖ при нагреве-охлаждении. Уровень в бачке ни на что не влияет Лишь бы трубка из радиатора не оголилась, а то хапанет воздуха в систему при остывании. '
12,Двигатель_система_охлаждения,'Антифриз',04.12.2018 21:55,дакота,' весьма опрометчивая заява! '
12,Двигатель_система_охлаждения,'Антифриз',05.12.2018 00:22,greh211,' 100000%%%%%++++++ '
12,Двигатель_система_охлаждения,'Антифриз',10.11.2020 23:17,Alili,' Залил после покупки Кулстрим..отличный антифриз. Я его на другой машине- Ниссане использовал '
12,Двигатель_система_охлаждения,'Антифриз',17.11.2020 04:20,miha-and77,' Интересно, написано что срок службы 10 лет или 200000 км! Что реально можно ездить 200 тыс км на нём? '
12,Двигатель_система_охлаждения,'Антифриз',17.11.2020 18:32,Димася,' Ну раз напысано производителем значит он гарантирует.......... Но я б к примеру не стал экспериментировать, поменял бы через 5 лет, не те деньги чтобы брюзжать и экономить. '
12,Двигатель_система_охлаждения,'Антифриз',18.11.2020 00:37,miha-and77,' Согласен с Вами. Я вообще подымываю менять весной. Машинк будет 3 года и примерно 60 000 км пробега '
12,Двигатель_система_охлаждения,'Падает температура на холостых.',20.01.2018 12:19,Alexey82,' Всем привет! Заметил такую особенность, падает температура охлаждающей жидкости до 60-70° по приборке, когда долго стоишь на холостом ходу. Сейчас как раз морозы стоят 15-20°. У всех так? '
12,Двигатель_система_охлаждения,'Падает температура на холостых.',20.01.2018 13:08,greh211,' Конечно..зима '
12,Двигатель_система_охлаждения,'Падает температура на холостых.',20.01.2018 17:17,Alexey82,' На прошлой машине не было такого просто. Температура держалась всегда ровно. '
12,Двигатель_система_охлаждения,'Падает температура на холостых.',20.01.2018 19:36,сергоф,' А чего критичного такого? '
12,Двигатель_система_охлаждения,'Падает температура на холостых.',20.01.2018 19:48,дмитрио,' @Alexey82, можно подгазовывать. так то))) @сергоф, мож чел мерзнет... '
12,Двигатель_система_охлаждения,'Падает температура на холостых.',20.01.2018 19:54,Мав,' А у меня падала на трассе в -(34-37). Причем не слабо. Воздух начинал еле теплый идти, стекло затягивало и стрелка падала. '
12,Двигатель_система_охлаждения,'Падает температура на холостых.',20.01.2018 21:00,сергоф,' Рожу наверно надо закрывать. В прошлый год было -32 ни чего не закрывал, лупил по трассе 120 все отлично жарко. '
12,Двигатель_система_охлаждения,'Падает температура на холостых.',20.01.2018 23:14,kolvich,' У нас в "развозке" дизельные Форды, вот где дубак, так дубак, когда на месте стоит. '
12,Двигатель_система_охлаждения,'Падает температура на холостых.',21.01.2018 08:29,DIM163,' Дык у него Киа Рио 4 наверно, я читал у чела на Хлайне упала температура, вроде норм потом, глюк какой то или термос залип,хз.... '
12,Двигатель_система_охлаждения,'Падает температура на холостых.',21.01.2018 09:42,Дикий пёс,' Здравствуйте. У меня данной проблемы не наблюдается. Причина на ум одна приходит, это как и сказали выше, термостат. Я на 2101 и 2107 вынимал внутренности термостата, там всегда по большому кругу гоняло и чтоб зимой тепло было, картонку перед радиатором ставил. '
12,Двигатель_система_охлаждения,'Падает температура на холостых.',21.01.2018 09:55,2272,' Температура будет то расти , то падать пока вся жидкость не прогреется, это работа термоса, у меня стоит мультитроникс и на нём эти скачки хорошо видно. Ничего не путаешь? '
12,Двигатель_система_охлаждения,'Падает температура на холостых.',21.01.2018 09:56,Дикий пёс,' Не путаю. Читайте внимательно. Термостат был удалён. '
12,Двигатель_система_охлаждения,'Падает температура на холостых.',21.01.2018 10:04,2272,' Что то не пойму, как это повлияло на тепло зимой, у меня на прошлой машине термос заклинил открытым, так я в ней мёрз пока новый не поставил. '
12,Двигатель_система_охлаждения,'Падает температура на холостых.',21.01.2018 10:17,дмитрио,' @2272, после изчезновения синей спиральки теплый воздух стабильно идет.скачков не замечаю.и на хх не мерзну.мультитроникса нет.а когда температура скачет?в каком диапазоне? прогревать умучиешься.вообще смысла удалять не вижу. '
12,Двигатель_система_охлаждения,'Падает температура на холостых.',21.01.2018 10:24,2272,' В процессе прогрева в диапазоне градусов 8-10, когда термос то приоткрывается то закрывается, после полного прогрева скачки практически пропадают. '
12,Двигатель_система_охлаждения,'Падает температура на холостых.',21.01.2018 13:58,Kia-man,' Вот зачем хвастаться этой .... чепухой? Показать свою неграмотность? Человек пишет про температуру за бортом -20 и падение температуры двс , а ему ещё предлагают на постоянку большой круг запустить. LOL '
12,Двигатель_система_охлаждения,'Падает температура на холостых.',21.01.2018 16:33,Дикий пёс,' Да ни кто не хвастается. И нет желания обсуждать это дальше. Не захламляйте форум. Я сказал, что у меня всё в норме и что первое приходит на ум, это термостат. Остальное - обмен опытом практики из жизни. Я прогревался нормально. Читайте внимательно, я не предлагал убрать термостат, я знаю что пишу. Так что я то грамотный, а Вы читать научитесь, без обид......Вы сами начали. 2272, температура скакать не должна, при прогрева, , как Вы описали, если я правильно понял. Она может понизится, когда машина полностью прогреется и термостат откроется, потом будет чуть больше, чуть меньше, термостат открывается и закрывается, но при прогреве термостат не должен туда сюда ходить. '
12,Двигатель_система_охлаждения,'Падает температура на холостых.',21.01.2018 21:38,Kia-man,' Какой обмен? каким опытом? Тем, что вы по финансовым или ещё каким-то причинам не смогли поставить рабочий термостат и ездили на авто с неправильным охлаждением двс ? Я лет так 25 назад на 2105 без аккумулятора два дня катал и что7 Кому нужен этот опыт езды на неисправном авто? А по теме - всё у автора нормально, это просто зима. '
12,Двигатель_система_охлаждения,'Падает температура на холостых.',22.01.2018 00:03,Дикий пёс,' Хватит нести чушь. Kia-man. Я написал всё верно, первое что приходит на ум, термостат, а как Я ездил и почему мы это не обсуждаем. '
12,Двигатель_система_охлаждения,'Падает температура на холостых.',22.01.2018 12:53,2272,' Всё верно, пока не начнет понемногу пропускать ОЖ в радиатор, вот здесь и начинаются скачки. Скачки тоже есть, но гораздо реже. '
12,Двигатель_система_охлаждения,'Падает температура на холостых.',23.01.2018 12:54,Roman1975,' Судя по ответившим такого у них не наблюдается. Видимо Вам все же стоит проверить термостат. Попробуйте ( желательно как потеплеет) понаблюдать за температурой радиатора в период прогрева авто. Радиатор абсолютно не должен нагреваться до достижения двигателем 80 гр. Если происходит нагрев радиатора, то надо менять термостат. Лично я не могу прокомментировать о падении температуры на своем авто, так у нас не было морозов 15-20, и у меня лампочка, которая тухнет после 60 гр., и что там дальше происходит с температурой я не ведаю. Но, в тех условиях что два года езжу, лично я замерзания в салоне на ХХ не замечал. '
12,Двигатель_система_охлаждения,'Падает температура на холостых.',23.01.2018 18:40,Alexey82,' Спасибо за совет! Попробую. '
12,Двигатель_система_охлаждения,'Падает температура на холостых.',23.01.2018 19:03,Kia-man,' @Alexey82, вы каким прибором температуру определили? '
12,Двигатель_система_охлаждения,'Падает температура на холостых.',23.01.2018 19:07,Live,' Подтверждаю. На ХХ, когда, мотор еще не прогрет полностью, тем-ра падает. Это кстати и без прибора заметно, обороты ХХ повышаются. PS прибор ОБД2 '
12,Двигатель_система_охлаждения,'Падает температура на холостых.',23.01.2018 19:28,Kia-man,' Она и на прогретом двс в -20 падает. '
12,Двигатель_система_охлаждения,'Падает температура на холостых.',23.01.2018 19:32,Live,' Но не так быстро. '
12,Двигатель_система_охлаждения,'Падает температура на холостых.',23.01.2018 19:47,Kia-man,' Давайте хоть в критерии быстро-медленно не будем углубляться. Здесь и так любителей показать свои знания систем автомобиля хватает.... Автор написал: Этого достаточно. '
12,Двигатель_система_охлаждения,'Падает температура на холостых.',25.01.2018 03:16,Kia-man,' Нашел свои замеры, делал 4 года назад ЗДЕСЬ '
12,Двигатель_система_охлаждения,'Падает температура на холостых.',25.01.2018 08:46,аdmin,' Я всегда считал это явление естественным в сильные морозы. Просто оключите отопление салона и температура не будет так падать ) '
12,Двигатель_система_охлаждения,'Падает температура на холостых.',25.01.2018 19:05,Alexey82,' Попробовал выключить печку, температура сразу поползла вверх. Включил - начала убавляться. На улице -9°. '
12,Двигатель_система_охлаждения,'Падает температура на холостых.',25.01.2018 19:17,Дикий пёс,' Ставлю пять. Роману1975. Он дал отличный совет, при прогреве радиатор не должен вообще грется, проверьте, если греется, значит точно термостат. Роман, это как анекдот, я тоже это знал, но на ум не пришло)))))) '
12,Двигатель_система_охлаждения,'Падает температура на холостых.',25.01.2018 19:42,2272,' Всё верно, но с радиатором можно не заморачиваться, достаточно понаблюдать за подводящим патрубком от термоса к радиатору, он должен быть холодным при прогреве, потом резко нагреться. '
12,Двигатель_система_охлаждения,'Падает температура на холостых.',25.01.2018 20:06,Roman1975,' Можно естественно и так. Но это сложнее без наличия опыта. Подводящий ( как и отводящий) патрубок "теплеет" и без "пропускания" термостата, чисто за счет теплопередачи жидкости, а не ее конвекции. Для неопытного все ж лучше "по радиатору", хоть и менее точно ( так как фиг ты определишь маленькое "протекание" в хорошо охлаждающимся даже на месте радиаторе) , зато по неопытности не "запорет" исправный термостат. Этот способ сам по себе конечно грубоват, требует наличия некоего опыта, но все ж некое "недозакрытие- подклинивание" термостата диагностировать позволяет. '
12,Двигатель_система_охлаждения,'Падает температура на холостых.',25.01.2018 20:12,2272,' К радиатору подлезать неудобно. '
12,Двигатель_система_охлаждения,'Падает температура на холостых.',25.01.2018 21:14,Roman1975,' Ну да, есть такое дело. Хотя, по сути вопроса автора, что б хоть что то реально ему ответить, надо не полениться, опять подключить у себя ЕЛМ снова установить прогу, и посмотреть темпу на своем авто на хх, ну хотя бы при нынешних -5 у нас сейчас. Если не поленюсь подключить ЕЛМ , то отпишусь по показаниям температуры двигла при разных скоростях печки на ХХ , хоть и при всего - 5. Если не потеплеет на днях, иначе совсем бессмысленно. '
12,Двигатель_система_охлаждения,'Падает температура на холостых.',26.01.2018 07:00,Дмитрий2017,' Скорее всего термостат '
12,Двигатель_система_охлаждения,'Падает температура на холостых.',26.01.2018 21:50,Alexey82,' [QUOTE=Kia-man;444766]@Alexey82, вы каким прибором температуру определили?[/QUOTE На указателе температуры было видно как стрелка падать начала '
12,Двигатель_система_охлаждения,'Падает температура на холостых.',06.03.2018 15:04,михаил1212,' Простите что не по теме!!! Не хочется открывать тему из-за такой мелочи, Хотел сегодня долить тосол( находится на нижнем уровне),но не так то просто,не смог открыть крышку расширительного бочка. Стоит защёлка вот и ломал голову.помогите.... 2017 г.в. '
12,Двигатель_система_охлаждения,'Падает температура на холостых.',06.03.2018 16:27,voditel161,' нижний уровень на холодном движке? или на горячем? '
12,Двигатель_система_охлаждения,'Падает температура на холостых.',06.03.2018 17:29,дмитрио,' не забудь сначала давление сбросить.не у себя.в системе.потом открывай бочок.если на нижнем и течи нет,долить стакан дистиллированной воды. '
12,Двигатель_система_охлаждения,'Падает температура на холостых.',06.03.2018 17:45,михаил1212,' на холодном конечно. 5 полосок -уровень показывает на нижней,а на горячей поднимается на вторую отметку. Вот в том и дело,что не пойму как открыть.... Вот такой тупой я. '
12,Двигатель_система_охлаждения,'Падает температура на холостых.',06.03.2018 18:25,Щегол,' Менял я термостат.Открывался рано в 66гр.Так сразу и не определишь а по мультитрониксу видно.и на ощуп патрубок теплел рано.Термостат не оригинал стоит 400р.заодно и антифриз сменил. '
12,Двигатель_система_охлаждения,'Падает температура на холостых.',06.03.2018 18:29,voditel161,' не мешай машине работать, всё нормально.. '
12,Двигатель_система_охлаждения,'Падает температура на холостых.',06.03.2018 18:48,михаил1212,' Вот спасибо УСПОКОИЛИ. '
12,Двигатель_система_охлаждения,'Падает температура на холостых.',06.03.2018 19:44,Roman1975,' Че у Вас там за такой хитрожопый расширительный бачек не пойму. Ну попробуй залить через горловину радиатора, правда цедить по немногу надо будет. Или у Вас и радиатор с хитровывертами? '
12,Двигатель_система_охлаждения,'Падает температура на холостых.',06.03.2018 21:18,Roman1975,' Привет Вася, вернись в реальность. Ты чего там принял? '
12,Двигатель_система_охлаждения,'Падает температура на холостых.',10.03.2018 16:24,Dimmmasik,' Да все нормально это '
12,Двигатель_система_охлаждения,'Падает температура на холостых.',21.03.2018 12:07,Влад Рио,' У себя точно такое же поведение наблюдал, если печка была включена на второе положение, двигатель прогревался максимум до 70. Переключаешь на первое - набирает рабочую температуру '
12,Двигатель_система_охлаждения,'Падает температура на холостых.',30.10.2020 14:32,Xortica,' Похоже на всех двигателях киа рио 4 проблема с прогревом на холостых На 1.4 такая же история. '
12,Двигатель_система_охлаждения,'Падает температура на холостых.',01.11.2020 10:23,Александр 48047,' У меня на 1,4 если по пробкам стоять в мороз, то и за час не нагреешь:( На трассе и на оборотах не снижается температура. Машины одинаковые, а поведение разное почему-то. '
12,Двигатель_система_охлаждения,'Идёт жар в ноги',04.07.2020 17:55,Стас161161,' Здравствуйте. У меня киа рио 2019 г., пробег 40 тыс, месяц назад начало нагревается что-то под торпедой внизу на водительском месте, ездить нереально жарко. Читал что связано с печкой, что там нету крана чтобы перекрыть и это типа нормально, но не верится в это, раньше не было этого замечено. У кого была такая проблема, что посоветуете? Спасибо. '
12,Двигатель_система_охлаждения,'Идёт жар в ноги',05.07.2020 13:09,аdmin,' Из вентиляции горячий воздух идет? '
12,Двигатель_система_охлаждения,'Идёт жар в ноги',06.07.2020 03:30,klyuchkov,' это не печка, это выпускной тракт прогревает днище и торпеду. слишком жарко на улице если посмотреть на днище машины снизу, то там из теплоэкрана только небольшая пластинка и та не на весь тракт... именно из-за плохого теплового экрана и идет тепло на торпеду снизу. И именно эта тонкая пластина щелкает, когда машина останавливается и начинает остывать.... '
12,Двигатель_система_охлаждения,'Идёт жар в ноги',06.07.2020 17:09,Стас161161,' Нет, именно жар снизу под торпедой '
12,Двигатель_система_охлаждения,'Идёт жар в ноги',06.07.2020 17:11,Стас161161,' Подскажите, можно ли с этим что-то сделать? '
12,Двигатель_система_охлаждения,'Идёт жар в ноги',06.07.2020 19:10,Камертон,' Я, пару раз, ощущал в городе такое. Но, в основном, я гоняю по трассе, где всё продувается. '
12,Двигатель_система_охлаждения,'Идёт жар в ноги',06.07.2020 19:49,an4omenko,' "Печка" то работает постоянно, просто через ее радиатор воздух идет не всегда (в зависимости от установки "климата")... Но так или иначе - тепло все равно будет идти. '
12,Двигатель_система_охлаждения,'Идёт жар в ноги',06.07.2020 20:24,alco-naft,' Может это ЭУР жарит? Потрогайте его рукой, оттуда тепло или нет? '
12,Двигатель_система_охлаждения,'Идёт жар в ноги',07.07.2020 09:31,2272,' Я недавно устранял щелчки в рулевой колонке, перед этим авто стояло весь день на жаре, а потом проехала 2км, я когда туда полез об колонку чуть руку не обжёг, почему она так нагрелась до сих пор не пойму. '
12,Двигатель_система_охлаждения,'Идёт жар в ноги',09.07.2020 09:42,аdmin,' К дилеру с проблемой обращались? '
12,Двигатель_система_охлаждения,'Идёт жар в ноги',09.07.2020 11:52,alco-naft,' На учебной езде когда часто и долго выкручивали руль в разные стороны (тренировались с парковкой) сволочь ЭУР в итоге отключился, и при этом он очень сильно нагрелся, рукой реально было к нему не притронуться. Обращение к ОД было безрезультатным, они ничего не обнаружили, а поскольку учебная езда уже закончилась то эта проблема больше не доставала, но когда ставлю противоугонную кочергу - то чувствую, что от ЭУР реально несет теплом, как от печки. '
12,Двигатель_система_охлаждения,'Идёт жар в ноги',09.07.2020 15:46,2272,' @alco-naft, У меня ГУР. '
12,Двигатель_система_охлаждения,'Идёт жар в ноги',09.07.2020 19:10,alco-naft,' У автора темы авто 2019 года, там должен быть уже ЭУР. '
12,Двигатель_система_охлаждения,'В пробке воздух в системе вентиляции салона становится теплее',07.07.2019 08:36,SergD,' У меня наблюдается такая картина: при установке вентиляции в положение Lo (фото 1), забор воздуха снаружи и при отключенном кондиционере дует воздух с сильно завышенной температурой. На фото последовательно - 2- после движения по трассе, 3- в пробке через 3 мин., 4- через 10 мин. Или подсос воздуха из под капота или неплотное закрытие заслонки подачи горячего воздуха. Проверьте, как у вас - если так-же что-то надо будет придумывать. Если нет - косяк машины, дорога к официалам... Я так думаю, из-за этого сильно теряется эффективность кондиционера и, соответственно, лишний расход бензина... '
12,Двигатель_система_охлаждения,'В пробке воздух в системе вентиляции салона становится теплее',07.07.2019 08:49,аdmin,' Такой "косяк" есть на разных машинах (возможно на всех) - нагрев патрубков воздухозабора от двигателя. '
12,Двигатель_система_охлаждения,'В пробке воздух в системе вентиляции салона становится теплее',07.07.2019 09:00,SergD,' блин, на прежней KIA RIO JB 2010 такое проявилось после примерно 5-6 лет. Офф. сказали - заслонки со временем корёжит, лечится только заменой печки целиком. Вылечил установкой электрокрана на подачу. А здесь после обследования прихожу к выводу - сильно греется стенка тоннеля воздухозабора, она же переборка отсека двигателя. Возможно вылечу наклейкой теплоизолятора со стороны двигателя. Хотелось бы узнать как у других, с цифрами. Может нароем на массовый косяк, пусть у завода головка поболит мало-мало, глядишь- чехол какой выкроят и в продажу пустят... '
12,Двигатель_система_охлаждения,'В пробке воздух в системе вентиляции салона становится теплее',07.07.2019 11:09,Roman1975,' Чет какой-то Вы подозрительно быстрый эксперт. М/у сообщением-подсказкой админа и Вашим сообщением-заключением прошло 11 минут. Неужели и вправду за 11 минут Вы успели провести обследование, найти точную причину и настрочить сообщение о выявленном косяке? '
12,Двигатель_система_охлаждения,'В пробке воздух в системе вентиляции салона становится теплее',07.07.2019 12:23,alco-naft,' Не, тут все нормально: мы уже как-то вскользь обсуждали этот вопрос в какой-то другой теме, я предлагал использовать режим рециркуляции при работе кондишена что бы не пускать в салон теплый воздух, а он рассказал про опыт с краником. '
12,Двигатель_система_охлаждения,'В пробке воздух в системе вентиляции салона становится теплее',07.07.2019 12:33,Roman1975,' Тогда непонятно зачем автор породил сию тему в вопросительном тоне своего первого поста. Раз уже заранее знал причину своей проблемки. "из пальца высасывалки". У меня к сожалению простой кондей, а не климат как у автора, да и Рио3 ,посему поддержать автора в массовом иске к КИА не могу. '
12,Двигатель_система_охлаждения,'В пробке воздух в системе вентиляции салона становится теплее',07.07.2019 12:42,alco-naft,' Он, наверно, хочет получить какую-то статистику: если окажется что такой косяк только у него - то он поедет к ОД, а ежели это у всех так - то придется самостоятельно решать эту проблему. '
12,Двигатель_система_охлаждения,'В пробке воздух в системе вентиляции салона становится теплее',07.07.2019 12:55,Roman1975,' Ну тогда в помощь автору для статистики - КИА РИО шлепают в количестве примерно 100 т. штук в год. Скока из них с климатом, и скока человек отписываются на сием форуме- это уж автор пусть сам статистирует. '
12,Двигатель_система_охлаждения,'В пробке воздух в системе вентиляции салона становится теплее',07.07.2019 13:09,alco-naft,' В принципе можно и без статистики попытаться установить истину: горячий воздух из вентиляции тут виноват, или все-таки от печки сифонит из-за не плотного закрытия заслонки. Если второе - то это лечится у ОД, если первое - то надо мутить теплоизоляцию или врубать рециркуляцию. '
12,Двигатель_система_охлаждения,'В пробке воздух в системе вентиляции салона становится теплее',07.07.2019 13:19,Roman1975,' Автор уже сделал экспертное заключение- надо лепить какую-то теплоизоляцию куда-то на перегородку моторного отсека. Осталось тока получить от него инфу о практических последствиях реализации его умозаключения. '
12,Двигатель_система_охлаждения,'В пробке воздух в системе вентиляции салона становится теплее',07.07.2019 13:40,alco-naft,' Я тоже хотел чего-то придумать с теплоизоляцией короба вентиляции, но жара в Питере быстро закончилась, и вместе с ней угасло желание творить эксклюзивные улучшения системы вентиляции рио. '
12,Двигатель_система_охлаждения,'В пробке воздух в системе вентиляции салона становится теплее',07.07.2019 14:36,Roman1975,' Жара в Питере? По моему Вам кондей вовсе не нужен в комплектации авто. Готов поспорить, что в Вашем жилище не имеется систем охлаждения забортного воздуха. Или я ошибаюсь, и у Вас установлены сплиты, кондеи? '
12,Двигатель_система_охлаждения,'В пробке воздух в системе вентиляции салона становится теплее',07.07.2019 18:04,alco-naft,' Да, на старом авто люк спасал в жаркую погоду, на этом - кондей был в комплектации, ну не вырезать же его специально, а Киа Рио с люками, как я понял - в РФ не делают, они почему-то только в странах Азии. Нет, но это чисто потому, что дом из толстого слоя кирпича: он очень медленно нагревается и медленно остывает. Если бы жил в панельке - то там надо кондей, а тут - главное окна закрыть, что бы солнце не попадало внутрь - и норм., ну максимум - вентилятор включить на обдув тела. '
12,Двигатель_система_охлаждения,'В пробке воздух в системе вентиляции салона становится теплее',07.07.2019 21:00,SergD,' Я всего лишь хочу выяснить насколько массовая эта проблема. Это было у меня на Рио-2. Теперь на X-Line. И в то-же время у моего товарища на Рио-3 2016 такой проблемы нет. При отключенном конд. дует просто забортный воздух. Сам замерял этим-же термометром. разница температур фиксировалась только прибором, примерно 2-5град. максимум. На старых машинах такого вообще не ощущалось, иначе без кондея можно было бы сдохнуть. Следовательно, можно уже говорить о недостатках проектирования системы вентиляции. Возлагать регулировку температуры полностью на мощности кондея и заставлять его работать там, где можно обойтись без него - я считаю неправильным, неэффективным и пр. Если я еду ранним летним утром и хочется чтоб в салоне был свежий воздух - что здесь плохого? Почему я должен или получать струю горячего воздуха в морду лица или ставить рециркуляцию и открывать окно, получая шум от дороги и пыль от обочечников...Что касается высказываний уважаемого Roman1975 - поскольку меня эта проблемка бесит уже не один год, я успел как то накопить кое-какие наработки. И если я захотел поднять статистику - что в этом плохого? Не я это придумал. И если считает проблему высосанной из пальца - пройди мимо, не надо умничать. Будьте терпимее. Найдутся, надеюсь, те, кому это не безразлично. '
12,Двигатель_система_охлаждения,'В пробке воздух в системе вентиляции салона становится теплее',08.07.2019 00:39,Шахтер58,' При выключеном кондее теплым воздухом не дует, если снаружи конечно не 30++. '
12,Двигатель_система_охлаждения,'В пробке воздух в системе вентиляции салона становится теплее',08.07.2019 10:06,Roman1975,' Ну и чего Вы наработали? Вот Вам человек ответил- у него на аналогичном авто такой проблемы нет. Отсюда вывод, что Ваш авто неисправен. И надо полагать, что Ваша нескольколетняя наработка про нагрев моторной переборки неудачная затея. Получается что причина у Вас все ж таки в воздушной заслонке отопителя. За несколько лет наработок уже б давным давно могли бы просто пережать чем нибудь шланг радиатора отопителя и узнать причину, а не гадать на кофейной гуще и порождать теории. '
12,Двигатель_система_охлаждения,'В пробке воздух в системе вентиляции салона становится теплее',08.07.2019 10:55,DIM163,' @SergD, У меня в жару 37 градусов горячим задуло. Я ездил к ОД, делал диагностику отдал почти 2 тр за перезаправку кондёра. Сказали,что авто столяло, глухая решётка и нагрелась типа. В движении задуло прохладой тогда. Перед поездкой к ОД пытался перегреть систему,так и не вышло ))) Глюк какой то был. Помню, щелчок был, потом как бы система пере запустилась и задуло горячим. '
12,Двигатель_система_охлаждения,'В пробке воздух в системе вентиляции салона становится теплее',08.07.2019 16:59,SergD,' Был сегодня у ОД, показал. Вердикт - "так и должно быть. Конд. для того и ставиться, чтоб охладить горячий воздух. Так щас ВСЕ делают, на всех машинах". И проверять что-либо отказались напрочь... Ещё раз- прошу отозваться владельцев X-Line - как у вас? - это у Вас на трассе или в пробках тоже? - у меня такое было, мне ОД на это сказал, типа "тут ОЧЕНЬ умный кондей, и если постоянно молотит на Lo, то перемерзает испаритель, блокируется кондей, и пока полностью испаритель не высохнет - не включится. Такое возможно в жаркую погоду." Так это или нет - Х.З. Может просто наплели.... '
12,Двигатель_система_охлаждения,'В пробке воздух в системе вентиляции салона становится теплее',08.07.2019 17:42,дмитрио,' сделай поток в морду ног) ОД насвистел.у меня не икс лайн,но я скажу.горячим дует когда только сел в машину,которая стояла на жаре.через 10 сек поток с температурой окр среды.в движении направляю поток в *морду лица* и можно кондер не включать. '
12,Двигатель_система_охлаждения,'В пробке воздух в системе вентиляции салона становится теплее',08.07.2019 19:56,Roman1975,' Ну так съездите к другому ОД, мож он окажется поизворотливей и просветит Вас, что у Вас авто в специальном северном исполнении, поддувает горячиньким хоть с кондеем хоть без. Вам самому не смешно, кондиционер по своей сути предназначен для исправной работы в жару. И испаритель кондея установлен перед радиатором отопителя по пути воздушного потока. Надул конечно Вам в уши ОД, не хочет искать, исправлять неисправность. '
12,Двигатель_система_охлаждения,'В пробке воздух в системе вентиляции салона становится теплее',08.07.2019 21:35,Шахтер58,' По трассе точно теплым не дует. А в пробках, если становится жарко, включаю кондей. Не замечал, чтобы теплым дуло. Да вообще кондей включаю при +25 и выше. А до этого хватает естественного обдува. Пробок почти не бывает. Средняя скорость по БК 30++км/ч. '
12,Двигатель_система_охлаждения,'В пробке воздух в системе вентиляции салона становится теплее',08.07.2019 21:39,дмитрио,' все правильно.кондер актуален в пробках.в движении мне хватает потока. '
12,Двигатель_система_охлаждения,'В пробке воздух в системе вентиляции салона становится теплее',06.09.2019 20:38,Andrey-Dovbash,' У меня та же ситуация, машина горячая и из дефлекторов дует тёплый воздух. Есть мысли ,что моторная перегородка сильно греется, так как обудва с улицы не хватает (у нас фальш решетка радиатора). Подтвердил это тем, что холодная машина довольно быстро прогревается, и радиатор печки соответственно тоже, но из дефлекторов дует прохладный (уличной температуры) воздух. Несомненно радиатор печки нагревает сам корпус печки со временем, но я думаю что воздух становиться теплее уличного, именно из-за горячего моторного щита. '
12,Двигатель_система_охлаждения,'В пробке воздух в системе вентиляции салона становится теплее',06.09.2019 22:42,temka407,' То же самое и у меня. В предыдущей Киа Рио седан такого не замечал. Тут даже в +30 в пробке с включенным климатом начинает дуть горячий воздух '
12,Двигатель_система_охлаждения,'В пробке воздух в системе вентиляции салона становится теплее',08.09.2019 14:07,SergD,' Я тоже пришёл к такому выводу. Пробовал навесить на перегородку утеплитель - есть эффект. только надо всё обделать нормальным материалом и красиво. Но пока в преддверии предстоящей зимы наверно не буду это делать. Отложу до весны. И сделать надо будет так , чтобы покрытие было съёмным. Зимой лишнее тепло совсем не лишнее будет...:) И надо подумать о замене/переделке фальшрешётки. Идеи есть? '
12,Двигатель_система_охлаждения,'В пробке воздух в системе вентиляции салона становится теплее',08.09.2019 14:36,alco-naft,' Имхо, нет смысла ради зимы снимать утеплитель/теплоизолятор: не такие уж и суровые зимы у нас в европейской части РФ, и то, что воздух зимой за перегородкой может быть будет на пару градусов теплее, чем снаружи - да особой роли не сыграет. '
12,Двигатель_система_охлаждения,'В пробке воздух в системе вентиляции салона становится теплее',08.09.2019 20:32,Andrey-Dovbash,' Я бы утеплитель не клеил туда, он будет мокнуть, скапливаться грязь, может начаться ржавчина. Честно говоря что под пластиком дворников ещё не смотрел. Решетку думал купить и переделать на летний вариант - сквозной, но за ней всего 2 небольших отверстия. Так же машина уже рассчитана на такую решетку, нарушать заложенный заводом терморежим не хочу. К тому же радиатор останется более чистым. Поэтому при температуре воздуха больше 25 обычно включаю климат с кондиционером. '
12,Двигатель_система_охлаждения,'В пробке воздух в системе вентиляции салона становится теплее',25.03.2020 00:44,sanvnik,' Согласен, утеплитель нет смысла клеить, лучше не станет '
12,Двигатель_система_охлаждения,'В пробке воздух в системе вентиляции салона становится теплее',25.03.2020 09:45,тагир05,' насчет кондера: - надо чаще промывать\продувать радиаторы. Эффект сразу замечается. '
12,Двигатель_система_охлаждения,'В пробке воздух в системе вентиляции салона становится теплее',25.04.2020 12:38,Andrey Victorovich,' Еще, на работу климата очень влияет салонный фильтр. Нужно менять 2 раза в год. По крайне мере, у нас в пыльном Нижнем Поволжье именно так. '
12,Двигатель_система_охлаждения,'В пробке воздух в системе вентиляции салона становится теплее',25.04.2020 17:09,2272,' кран на вход печки помогает. '
12,Двигатель_система_охлаждения,'В пробке воздух в системе вентиляции салона становится теплее',02.05.2020 18:51,Andrey-Dovbash,' Лето уже на подходе, и вопрос с теплоизоляцией мотора снова актуален. Думал о применении теплоизоляции с клеевым слоем, но боюсь она отклеиться от температуры горячего катализатора рядом и на него же и упадет. У кого-то свежие идеи есть? '
12,Двигатель_система_охлаждения,'В пробке воздух в системе вентиляции салона становится теплее',02.05.2020 20:28,alco-naft,' Из радикального - прихерачить туда на резьбовые заклепки дополнительный экран из жести. Из плюсов - относительно быстрый демонтаж, надо только открутить винты, из минусов - сильно трахотно будет гнуть и подгонять жестянку, хотя можно предварительно из картона подготовить шаблон, и жесть выбрать помягче. Ну и ОД может не одобрить такой колхоз, начнут пугать слетом с гарантии. '
12,Двигатель_система_охлаждения,'В пробке воздух в системе вентиляции салона становится теплее',02.05.2020 22:22,Andrey-Dovbash,' Вариант, еще есть идея подобрать изолятор с другого Киа Рио ( Китай, США) у которого такая штука есть. '
12,Двигатель_система_охлаждения,'В пробке воздух в системе вентиляции салона становится теплее',02.05.2020 23:13,Andron 2,' Есть готовые решения на наш авто? Жар от радиатора течки довольно приличный. '
12,Двигатель_система_охлаждения,'В пробке воздух в системе вентиляции салона становится теплее',03.05.2020 06:52,2272,' @Andron 2, Кран, но если без климата. '
12,Двигатель_система_охлаждения,'В пробке воздух в системе вентиляции салона становится теплее',03.05.2020 13:13,alco-naft,' Готовых - в смысле штатные? Вряд-ли. Придется что-то колхозить из сантехнической инженерии: либо запорный вентиль, либо трехходовой клапан с байпасом. Изделия лучше брать из латуни, дольше проработают. Штатные вентили для старых автомобилей семейства ВАЗ не советую, легко можно нарваться на некачественный. '
12,Двигатель_система_охлаждения,'В пробке воздух в системе вентиляции салона становится теплее',04.05.2020 06:51,Roman1975,' Готовое решение- это подходящий кран в разрез патрубка. Попробуй поискать от Москвича 41-го, он легкий пластиковый, работал без проблем, на температуру и давление антифриза надо полагать рассчитан. На Москвиче был установлен в разрезе отводящего патрубка радиатора печки под капотом. Хотя правильней я думаю не перекрывать ток жидкости ч/з радиатор печки, а организовать ее движение в обход радиатора. Хоть это и сложней в реализации, но зато можно быть уверенным, что потоки жидкости в блоке не изменятся. '
12,Двигатель_система_охлаждения,'В пробке воздух в системе вентиляции салона становится теплее',04.05.2020 10:05,porsh1,' Для меня эта проблема также актуальна. Даже на трассе при температуре +17 на улице приходится включать кондиционер, не говоря про пробки. '
12,Двигатель_система_охлаждения,'В пробке воздух в системе вентиляции салона становится теплее',11.05.2020 10:31,Andrey-Dovbash,' По поводу крана печки идея хорошая, но опасная. Трубки от мотора идут в районе 4го цилиндра, думаю наличие печки заложено в теплоотвод мотора, в любом случае следует не перекрывать ток жидкости, а пускать в обход (байпас). К тому же кран снизит надёжность. Официалы сразу гарантию снимут на двигатель. '
12,Двигатель_система_охлаждения,'В пробке воздух в системе вентиляции салона становится теплее',11.05.2020 11:13,Roman1975,' Можно и без крана, если не жалко потерять с пол-литра антифриза. Например отсоединить шланги печки на двигателе и соединить между собой патрубки на двигателе подходящим куском шланга. На жигулях сия задача решалась еще проще, бюджетней и в полевых условиях, там для этих целей подходил один из штатных шлагов. '
12,Двигатель_система_охлаждения,'Включение вентилятора на трассе зимой.',31.01.2018 22:15,pepsasa,' Всем привет! Когда гнал машину с автосалона,остановившись и выйдя из машины услышал что работает вентилятор системы охлаждения на малой скорости. Стрелка на приборе в этот момент не доходила 2 мм до отметки 90град. Дома подключив obd и поэксперементировав увидел,на трассе температура поднимается до 96 град.тем самым включая ветилятор(но стрелка на приборе даже до 90 не дошла). Позвонил в автосалон,мне обьявили что это нормальная работа системы охлаждения связанная с испарителем.(но проверял я и с выключенным отопителем) До этого был китаец,да и рабочая калина, на трассе никогда не включался вентилятор. В связи с этим вопрос, норма это или напрягать дилера на замену термостата.( Киа рио 4,пробег 2100,1.6-механика,комфорт. До дилера ехать 300 км,по телефону вопрос не решил. Ближайшая поездка в сторону дилера через месяц) '
12,Двигатель_система_охлаждения,'Включение вентилятора на трассе зимой.',01.02.2018 07:14,Roman1975,' Думаю это не норма. У меня по трассе 84 гр. До 96 доходит только в городе летом. '
12,Двигатель_система_охлаждения,'Включение вентилятора на трассе зимой.',01.02.2018 09:02,Artirm,' Если вентилятор сбрасывает температуру, то может быть и не в термостате дело. Если бы речь шла о Киа Рио 3, то я бы однозначно сказал что это не нормально, но т.к. у вас, похоже, новая модель, то я вижу следующие варианты: -рабочая температура двигателя увеличена в угоду экологии; -неисправность системы охлаждения; -недостаточное охлаждение из-за отсутствия верхней решетки радиатора (в том случае если в вашей комплектации заглушка вместо решетки) либо из-за наличия дополнительной сетки в решетке. Нужны отзывы о температуре в новых Рио, возможно кто-нибудь отпишется. Сейчас на большинстве автомобилей стрелка не привязана к реальной температуре двигателя. По достижении "рабочей" температуры (например 70-110°) она стоит на одном месте и показывает норму. По этой причине я не вижу никакого смысла в её наличии. Гораздо более разумно и удобно применение лампочки вместо стрелки (когда машина холодная она горит синим, потом потухает по достижении рабочей температуры, а в случае перегрева горит красным). По крайней мере лампочку точно сразу увидишь в случае перегрева, а стрелку можно легко пропустить '
12,Двигатель_система_охлаждения,'Включение вентилятора на трассе зимой.',01.02.2018 10:23,михаил1212,' На Киа Рио - 3 Лампачка загароласт только при включении Зажигания и сразу гасла. И температура двигателя Была не понятно,сначала напрягала,но потом привык. А сейчас у нас стрелка))))) я на нее тоже внимание не обращаю. Вот как то так... Изредка глазами пробегусь по приборной доске Температуру показывает около 90. Хотя радиатор закрыт и верхней и нижней заглушкой '
12,Двигатель_система_охлаждения,'Включение вентилятора на трассе зимой.',01.02.2018 10:32,Artirm,' не знаю почему у вас гасла сразу. Она горит до тех пор пока охлаждающая жидкость не разогреется до 60°С. При холодном запуске в мороз она потухает через 4-6 минут уже написал что стрелка показывает "погоду" и её показания не отображают реальную температуру. А при использовании заглушек в бампере нужно держать температуру под контролем, иначе перегреете мотор. Стрелку на роль средства контроля за температурой не годится по описанным выше причинам. '
12,Двигатель_система_охлаждения,'Включение вентилятора на трассе зимой.',01.02.2018 12:39,SkOi,' Зимой перегреть движок даже с заглушками это надо постараться, если только неисправно что-то. А стрелка на приборке это устарело по-моему,я на неё редко смотрю ибо не особо информативно, например у меня на гранте её вообще не было,а температуру смотрел на БК в цифровом виде, удобно и точно '
12,Двигатель_система_охлаждения,'Включение вентилятора на трассе зимой.',01.02.2018 13:02,Artirm,' если лупить по трассе на высокой скорости с заткнутым радиатором то мотор будет либо на грани перегрева либо перегреется. Всё зависит от скорости и чистоты радиатора. Кстати, интересно по какому алгоритму работает вентилятор. Может у кого есть информация? На некоторых машинах (например Акцент) на скорости выше 80 км/ч вентилятор вообще не включается (насколько помню включается на максимум только когда температура переваливает за 105° или 110°, а там уже и до перегрева не далеко), может и на наших так же '
12,Двигатель_система_охлаждения,'Включение вентилятора на трассе зимой.',01.02.2018 13:29,михаил1212,' Может я что то не понимаю!!!! Так поясните,если на стрелку и на предупреждающею лампочку не доверять.как что же тогда.??? Включаю зажигание,контрольная лампа загараеть ся и потухает,а стрелка лежит на 0 . Так что доверять - это рисковано???? При заглушках на радиаторе ,двигатель не перегреться,он просто будет не отключаться.... Да и перегрева не будет. '
12,Двигатель_система_охлаждения,'Включение вентилятора на трассе зимой.',01.02.2018 13:55,Мав,' Подтверждаю. Как-то еще на девятке в морозы поставил картонку перед радиатором, и, не убрав, поехал по трассе. Километров через 10 уже повалил пар из под капота. Слава богу обошлось. с тех пор ни каких картонок, заглушек, одеял... '
12,Двигатель_система_охлаждения,'Включение вентилятора на трассе зимой.',01.02.2018 13:58,Artirm,' если хотите можете доверять стрелочке, это ваше дело. Я лишь предупредил вас о том, что стрелка не отображает температуру, а находится в одном и том же положении при диапазоне температуры, который считается нормой, а это, навскидку 70-110° или около того. Вы это можете легко проверить подключив ELM. серьезно? Раз вентилятор решает все проблемы то может и летом тоже не перегреется? Если так, то зачем тогда производитель оставляет отверстия в решетке? Помимо радиатора двигатель очень интенсивно охлаждается набегающим потоком воздуха. Перегрев возможен, особенно под хорошей нагрузкой. При использовании заглушек нужно следить за температурой. Для этого можно купить ELM, он стоит копейки, а смартфон у вас наверняка есть. '
12,Двигатель_система_охлаждения,'Включение вентилятора на трассе зимой.',01.02.2018 14:04,Мав,' А вот у меня нет. Я- мамонт. Но с "кнопки" уходить все равно не собираюсь. Только вот не знаю, на сколько меня хватит)) '
12,Двигатель_система_охлаждения,'Включение вентилятора на трассе зимой.',21.03.2018 12:04,Влад Рио,' Всем привет. У меня Киа Рио 4, тоже пронаблюдал с помощью сканера подьем температуры до 96 градусов охлаждающей жидкости, хотя на панели приборов казало около 88. '
12,Двигатель_система_охлаждения,'Включение вентилятора на трассе зимой.',21.03.2018 12:17,greh211,' получается у Вас она была сломана!!(((синим горит,пока не выйдет двигатель на рабочую температуру..затем гаснет... '
12,Двигатель_система_охлаждения,'Включение вентилятора на трассе зимой.',21.03.2018 12:36,Kia-man,' Стрелка температуры на Приборке Киа Рио только для общей картины и к точности показаний не имеет никакого отношения. '
12,Двигатель_система_охлаждения,'Включение вентилятора на трассе зимой.',21.03.2018 13:45,михаил1212,' Да вот так 9 лет,в О.Д. говорили все нормально.. А теперь вот новый хазяин на ней выжигает))) И очень благодарен. '
12,Двигатель_система_охлаждения,'Включение вентилятора на трассе зимой.',21.03.2018 14:21,RIA_74,' Михаил похоже говорит о KIA RIO JB! На ней действительно синей лампочки не было! Загоралась только красная, при перегреве! И при повороте ключа загоралась и гасла. Немного ошибся в нумерации модели! '
12,Двигатель_система_охлаждения,'Включение вентилятора на трассе зимой.',21.03.2018 14:31,greh211,' я не вижу профиль...смешали всё в кучу!!!!(((( '
12,Двигатель_система_охлаждения,'Включение вентилятора на трассе зимой.',21.03.2018 14:40,RIA_74,' Да это он про свою бывшую рассказывал! Да, Михаил? Не вводите людей в заблуждение! Не на Киа Рио-3, а на Киа Рио JB! Судя по тому, что 9 лет .... '
12,Двигатель_система_охлаждения,'Включение вентилятора на трассе зимой.',21.03.2018 14:41,greh211,' по этим словам становиться понятно... '
12,Двигатель_система_охлаждения,'Включение вентилятора на трассе зимой.',21.03.2018 14:49,михаил1212,' А что же здесь непонятного?)))) А сейчас я езжу на КИА 2017 года. Очень много мусора в каждой ветке!!! Вопрос один,а отвечаем и собираем все подрят. '
12,Двигатель_система_охлаждения,'Включение вентилятора на трассе зимой.',21.03.2018 16:36,Денис981,' Опсуждают температуру двигла нового киа рио 4 а не старую модель. У нас радиатор закрыт с верху то же показалось странным и задался я вопросом не будет ли перегрева. Пишите по делу тема актуальная. '
12,Двигатель_система_охлаждения,'Включение вентилятора на трассе зимой.',21.03.2018 16:55,greh211,' чем она так актуальна?особенно зимой?!! '
12,Двигатель_система_охлаждения,'Включение вентилятора на трассе зимой.',21.03.2018 17:15,Денис981,' Зимой согласен но лето скоро. '
12,Двигатель_система_охлаждения,'Включение вентилятора на трассе зимой.',21.03.2018 18:15,михаил1212,' Вот видите.....а многие говорят,что я больной. '
12,Двигатель_система_охлаждения,'Включение вентилятора на трассе зимой.',21.03.2018 18:23,дмитрио,' не верьте им.они завидуют вашему здоровью))) '
12,Двигатель_система_охлаждения,'Включение вентилятора на трассе зимой.',21.03.2018 19:12,RIA_74,' У меня такая же "болезнь" - JB была под задницей с 10 по 15 годы! А сейчас сыну передалась! '
12,Двигатель_система_охлаждения,'Включение вентилятора на трассе зимой.',22.03.2018 11:55,Roman1975,' Чего по делу? Перегрева не будет, на заводе не дебилы сидят. Наверное же все рассчитано и испытано. Или Вы думаете они сделали машину и ни разу на ней не проехались в разных условиях? '
12,Двигатель_система_охлаждения,'Включение вентилятора на трассе зимой.',28.03.2018 05:26,pepsasa,' Всем привет. Сьездил к дилеру спросил насчет проблемы, они продиагностировали моё авто и сказали что все работает и исправно. Проверял машину сам и что интересно термос и в правду работает в штатном режиме. 82 гр начинает открываться 92 поностью открылся в 96 сработал вентилятор (нижний патрубок горячий) почему на трассе по другому? Изучив мат часть определил что термостат стоит на обратном шланге который идет от радиатора и прогревшись термостат начинает открываться и получив дозу холодной жидкости сразу закрывается обратно. Поэтому шланг обратки холодный. И это на всех двигателях GAMMA 1.6. Неужели я один с такой проблемой. Кстати покапав инет нашел такую же проблему только на соренто, жаль ссылку не дают вставить. '
12,Двигатель_система_охлаждения,'Включение вентилятора на трассе зимой.',28.03.2018 08:37,Artirm,' Не знаю почему у вас по другому. У меня по мере прогрева температура доходит сначала до 82 °С и дальше (видимо открывается термостат) её рост резко замедляется, доходит до 84 °С. При движении по трассе температура держится в диапазоне 82-84 °С, по городу - зависит от температуры за бортом и скорости движения. Но у меня Киа Рио 2014 дорестайл. '
12,Двигатель_система_охлаждения,'Включение вентилятора на трассе зимой.',28.03.2018 10:10,Roman1975,' Потому, что у Вас имеется неисправность в системе охлаждения, раз по трассе на ходу температура доходит до 96 гр. и работает вентилятор. В первую очередь я б грешил на бракованный термостат. '
12,Двигатель_система_охлаждения,'Включение вентилятора на трассе зимой.',28.03.2018 17:13,Малец84,' Три страницы тягомотины и нет данных о кол-ве жидкости в системе и не только в бачке расширительном,но уже пошел ремонт по замене термостатов, удаленно. '
12,Двигатель_система_охлаждения,'Включение вентилятора на трассе зимой.',28.03.2018 20:09,pepsasa,' Жидкость в норме как в бачке так и в радиаторе. '
12,Двигатель_система_охлаждения,'Включение вентилятора на трассе зимой.',29.03.2018 11:18,Roman1975,' Зато есть данные что ОД не удаленно все проверил и заключил что все работает исправно. Это автор темы в чем-то ошибается и капризничает. Наверное у него температура в норме, а вентилятор от зимнего ветра крутится по трассе. '
12,Двигатель_система_охлаждения,'Включение вентилятора на трассе зимой.',05.04.2018 20:39,pepsasa,' Приветствую всех. Все,решил я свою проблему заменой термостата. Причем без участия ОД. Заказал термостат в местном магазине по цене он вышел около 800 рублей. У ОД термостат стоит 1200 рублей.Для себя сделал вывод,что я со своей машиной и гарантийными ремонтами нафиг не нужен ОД, и он сделает все что бы отказать в гарантийном ремонте.Всем спасибо за участие и помощь в решении вопроса. '
12,Двигатель_система_охлаждения,'Включение вентилятора на трассе зимой.',05.04.2018 21:41,дмитрио,' все верно.зачем им головняк?од нужны только то и призрачная гарантия... '
12,Двигатель_система_охлаждения,'Включение вентилятора на трассе зимой.',06.04.2018 08:57,greh211,' ты им нужен на ТО!!!когда везёшь им заоблачное бабло за тупую смену масла!!! '
12,Двигатель_система_охлаждения,'Включение вентилятора на трассе зимой.',05.05.2018 20:17,Maranelo,' Ты несёшь им бабло за то что остаёшься на гарантии , при гарантийных случаях платит не дилер а представительство Kia как то так '
12,Двигатель_система_охлаждения,'Включение вентилятора на трассе зимой.',06.05.2018 12:28,RIA_74,' Тогда уж не так, а как-то так: ты несешь им бабло за то, что думаешь, что остаешься на гарантии только тогда, когда несешь бабло дилеру! '
12,Двигатель_система_охлаждения,'Включение вентилятора на трассе зимой.',06.05.2018 19:43,greh211,' '
12,Двигатель_система_охлаждения,'Включение вентилятора на трассе зимой.',10.05.2018 21:24,Maranelo,' И думаешь ... ТЫ НА Гарантии '
12,Двигатель_система_охлаждения,'Включение вентилятора на трассе зимой.',11.05.2018 07:10,RIA_74,' ... Патаму чта принёс им бабло!... '
